enzyme,site
SmiI,ATTTAAAT
SgrAI,CRCCGGYG
BseAI,TCCGGA
AccB1I,GGYRCC
Bpu10I,CCTNAGC
CspAI,ACCGGT
BseBI,CCWGG
HpyF10VI,GCNNNNNNNGC
Bst6I,CTCTTC
BsuI,GTATCC
AfeI,AGCGCT
PinAI,ACCGGT
SinI,GGWCC
GluI,GCNGC
Eco72I,CACGTG
BssHII,GCGCGC
XmnI,GAANNNNTTC
PspCI,CACGTG
NotI,GCGGCCGC
BlnI,CCTAGG
TaiI,ACGT
BsuTUI,ATCGAT
BmrFI,CCNGG
Eam1105I,GACNNNNNGTC
Bso31I,GGTCTC
BseMI,GCAATG
PalAI,GGCGCGCC
RsrII,CGGWCCG
BseCI,ATCGAT
DpnI,GATC
XspI,CTAG
TspRI,CASTG
SmaI,CCCGGG
PdmI,GAANNNNTTC
NcoI,CCATGG
AvrII,CCTAGG
SgrBI,CCGCGG
BsaAI,YACGTR
BstBI,TTCGAA
Bme18I,GGWCC
EcoT14I,CCWWGG
AccB7I,CCANNNNNTGG
CaiI,CAGNNNCTG
BmsI,GCATC
MnlI,CCTC
NarI,GGCGCC
NciI,CCSGG
Eco130I,CCWWGG
BstZ17I,GTATAC
BclI,TGATCA
Vha464I,CTTAAG
TseFI,GTSAC
Hpy99I,CGWCG
PvuII,CAGCTG
NsbI,TGCGCA
MluI,ACGCGT
Asp718I,GGTACC
SdaI,CCTGCAGG
Bse1I,ACTGG
AluI,AGCT
BssNI,GRCGYC
AxyI,CCTNAGG
Bst4CI,ACNGT
HphI,GGTGA
MreI,CGCCGGCG
Fnu4HI,GCNGC
Eco47I,GGWCC
BsiHKAI,GWGCWC
BstBAI,YACGTR
ApoI,RAATTY
TasI,AATT
SatI,GCNGC
BstAPI,GCANNNNNTGC
NruI,TCGCGA
MslI,CAYNNNNRTG
KasI,GGCGCC
Alw44I,GTGCAC
PvuI,CGATCG
BciVI,GTATCC
ArsI,GACNNNNNNTTYG
BspT104I,TTCGAA
MauBI,CGCGCGCG
DdeI,CTNAG
BtgI,CCRYGG
PstI,CTGCAG
BseLI,CCNNNNNNNGG
BspFNI,CGCG
PpsI,GAGTC
SlaI,CTCGAG
PspEI,GGTNACC
BglI,GCCNNNNNGGC
PspFI,CCCAGC
Hpy8I,GTNNAC
MluNI,TGGCCA
HindIII,AAGCTT
PacI,TTAATTAA
BsrI,ACTGG
Bsp1407I,TGTACA
Bst2BI,CACGAG
HgaI,GACGC
Ksp22I,TGATCA
BssECI,CCNNGG
BstPI,GGTNACC
NlaIII,CATG
AlwNI,CAGNNNCTG
Van91I,CCANNNNNTGG
LpnPI,CCDG
BshFI,GGCC
Sfr274I,CTCGAG
PflFI,GACNNNGTC
HaeIII,GGCC
HpyCH4V,TGCA
EcoRI,GAATTC
Hin1II,CATG
XmaI,CCCGGG
Bsp19I,CCATGG
EarI,CTCTTC
BfuI,GTATCC
AccIII,TCCGGA
Hin6I,GCGC
BcnI,CCSGG
BstDEI,CTNAG
SetI,ASST
FaqI,GGGAC
Mva1269I,GAATGC
BsaBI,GATNNNNATC
PsuI,RGATCY
Tth111I,GACNNNGTC
MteI,GCGCNGCGC
CviJI,RGCY
FaiI,YATR
CviQI,GTAC
BstNSI,RCATGY
SseBI,AGGCCT
TspMI,CCCGGG
BshTI,ACCGGT
AdeI,CACNNNGTG
BplI,GAGNNNNNCTC
BsrBI,CCGCTC
BsmBI,CGTCTC
AarI,CACCTGC
FauNDI,CATATG
BsiHKCI,CYCGRG
PflMI,CCANNNNNTGG
BstV2I,GAAGAC
BtsCI,GGATG
BbrPI,CACGTG
Psp1406I,AACGTT
StyD4I,CCNGG
KflI,GGGWCCC
EcoICRI,GAGCTC
Cfr9I,CCCGGG
BspOI,GCTAGC
RseI,CAYNNNNRTG
Sau3AI,GATC
Bse118I,RCCGGY
AsiSI,GCGATCGC
BfuAI,ACCTGC
Csp6I,GTAC
Bse21I,CCTNAGG
HpyCH4III,ACNGT
BspTNI,GGTCTC
BsrDI,GCAATG
Pfl23II,CGTACG
SexAI,ACCWGGT
FblI,GTMKAC
Eco47III,AGCGCT
BsrFI,RCCGGY
SwaI,ATTTAAAT
Ppu21I,YACGTR
NheI,GCTAGC
BfrI,CTTAAG
AjnI,CCWGG
SstI,GAGCTC
BssSI,CACGAG
BstZI,CGGCCG
BmgT120I,GGNCC
DseDI,GACNNNNNNGTC
BslFI,GGGAC
TspGWI,ACGGA
BseGI,GGATG
PagI,TCATGA
PspPI,GGNCC
AgsI,TTSAA
DinI,GGCGCC
BsaWI,WCCGGW
XmaJI,CCTAGG
XmiI,GTMKAC
SfiI,GGCCNNNNNGGCC
BpuEI,CTTGAG
SfoI,GGCGCC
PdiI,GCCGGC
MunI,CAATTG
AsuNHI,GCTAGC
SgfI,GCGATCGC
Acc16I,TGCGCA
BstAUI,TGTACA
BisI,GCNGC
Cfr42I,CCGCGG
BstSLI,GKGCMC
MmeI,TCCRAC
MspCI,CTTAAG
MvaI,CCWGG
Eco91I,GGTNACC
BstSNI,TACGTA
BamHI,GGATCC
Tru9I,TTAA
SmoI,CTYRAG
EcoT38I,GRGCYC
AcuI,CTGAAG
PsiI,TTATAA
MvnI,CGCG
MfeI,CAATTG
AsiGI,ACCGGT
SbfI,CCTGCAGG
BtrI,CACGTC
BssMI,GATC
ApeKI,GCWGC
Mly113I,GGCGCC
EcoRII,CCWGG
CspI,CGGWCCG
BsiEI,CGRYCG
Alw26I,GTCTC
Bst1107I,GTATAC
ApaLI,GTGCAC
SspMI,CTAG
Rsr2I,CGGWCCG
Bsp1286I,GDGCHC
MbiI,CCGCTC
NlaIV,GGNNCC
MscI,TGGCCA
HspAI,GCGC
Psp124BI,GAGCTC
FalI,AAGNNNNNCTT
AsuHPI,GGTGA
BspTI,CTTAAG
AccBSI,CCGCTC
BbvCI,CCTCAGC
SapI,GCTCTTC
AcvI,CACGTG
MaeII,ACGT
Cfr13I,GGNCC
Bst2UI,CCWGG
PluTI,GGCGCC
BmeRI,GACNNNNNGTC
PciSI,GCTCTTC
BspANI,GGCC
SgsI,GGCGCGCC
Psp6I,CCWGG
BanII,GRGCYC
HpaI,GTTAAC
MlsI,TGGCCA
HinP1I,GCGC
Mph1103I,ATGCAT
BspCNI,CTCAG
Bsp143I,GATC
GsaI,CCCAGC
FokI,GGATG
KroI,GCCGGC
BsoBI,CYCGRG
BstENI,CCTNNNNNAGG
KpnI,GGTACC
Alw21I,GWGCWC
TscAI,CASTG
LguI,GCTCTTC
Bsh1236I,CGCG
AcsI,RAATTY
SaqAI,TTAA
PfeI,GAWTC
FspI,TGCGCA
Hpy166II,GTNNAC
EagI,CGGCCG
FaeI,CATG
XhoI,CTCGAG
ZrmI,AGTACT
Bsp13I,TCCGGA
BtgZI,GCGATG
AclWI,GGATC
Hin1I,GRCGYC
BanI,GGYRCC
BssT1I,CCWWGG
SduI,GDGCHC
Eam1104I,CTCTTC
LmnI,GCTCC
BoxI,GACNNNNGTC
PspXI,VCTCGAGB
Tsp45I,GTSAC
MspR9I,CCNGG
BseMII,CTCAG
Cac8I,GCNNGC
EheI,GGCGCC
CviAII,CATG
BstKTI,GATC
SrfI,GCCCGGGC
TaqI,TCGA
BsaXI,ACNNNNNCTCC
BseX3I,CGGCCG
Ama87I,CYCGRG
FseI,GGCCGGCC
BsmAI,GTCTC
Eco52I,CGGCCG
BshNI,GGYRCC
PcsI,WCGNNNNNNNCGW
BstV1I,GCAGC
BtsIMutI,CAGTG
Asp700I,GAANNNNTTC
PshBI,ATTAAT
StyI,CCWWGG
HpyF3I,CTNAG
BmrI,ACTGGG
Eco147I,AGGCCT
AcyI,GRCGYC
Bsu15I,ATCGAT
RruI,TCGCGA
SalI,GTCGAC
Bsa29I,ATCGAT
AspS9I,GGNCC
ApaI,GGGCCC
Zsp2I,ATGCAT
CciNI,GCGGCCGC
BpuMI,CCSGG
FriOI,GRGCYC
BspQI,GCTCTTC
BsmI,GAATGC
BstC8I,GCNNGC
PciI,ACATGT
ScrFI,CCNGG
ErhI,CCWWGG
Eco32I,GATATC
BspHI,TCATGA
SspI,AATATT
PmeI,GTTTAAAC
NgoMIV,GCCGGC
BfaI,CTAG
AflIII,ACRYGT
Sse8387I,CCTGCAGG
MlyI,GAGTC
BspACI,CCGC
AfaI,GTAC
BstX2I,RGATCY
BmeT110I,CYCGRG
DriI,GACNNNNNGTC
BseXI,GCAGC
TaqII,GACCGA
Bse3DI,GCAATG
NspV,TTCGAA
PspGI,CCWGG
CviKI_1,RGCY
BsaHI,GRCGYC
XapI,RAATTY
XagI,CCTNNNNNAGG
MwoI,GCNNNNNNNGC
BpmI,CTGGAG
BcgI,CGANNNNNNTGC
ScaI,AGTACT
PceI,AGGCCT
MspI,CCGG
AsuII,TTCGAA
Sfr303I,CCGCGG
AccII,CGCG
BstAFI,CTTAAG
BfmI,CTRYAG
AasI,GACNNNNNNGTC
BstMWI,GCNNNNNNNGC
MboII,GAAGA
MroNI,GCCGGC
HinfI,GANTC
Eco88I,CYCGRG
BstPAI,GACNNNNGTC
AseI,ATTAAT
Tru1I,TTAA
SgeI,CNNG
DraIII,CACNNNGTG
PshAI,GACNNNNGTC
MssI,GTTTAAAC
MboI,GATC
AoxI,GGCC
RigI,GGCCGGCC
BbsI,GAAGAC
BssAI,RCCGGY
MluCI,AATT
EcoO109I,RGGNCCY
CsiI,ACCWGGT
SacII,CCGCGG
Bsh1285I,CGRYCG
AlwI,GGATC
BssNAI,GTATAC
SspDI,GGCGCC
PsyI,GACNNNGTC
BslI,CCNNNNNNNGG
PsrI,GAACNNNNNNTAC
NaeI,GCCGGC
MroXI,GAANNNNTTC
HpyCH4IV,ACGT
AsuC2I,CCSGG
Ple19I,CGATCG
BceAI,ACGGC
Eco57I,CTGAAG
AbaSI,C
CspCI,CAANNNNNGTGG
BspEI,TCCGGA
PleI,GAGTC
MaeI,CTAG
Bsu36I,CCTNAGG
BstSFI,CTRYAG
NspI,RCATGY
BlsI,GCNGC
MspJI,CNNR
Bsp68I,TCGCGA
AhlI,ACTAGT
SgrDI,CGTCGACG
Psp5II,RGGWCCY
BseYI,CCCAGC
AjuI,GAANNNNNNNTTGG
HindII,GTYRAC
MalI,GATC
HapII,CCGG
KspI,CCGCGG
BsgI,GTGCAG
Bsp120I,GGGCCC
Esp3I,CGTCTC
AclI,AACGTT
Hsp92I,GRCGYC
BsaJI,CCNNGG
BstEII,GGTNACC
HhaI,GCGC
AfiI,CCNNNNNNNGG
TauI,GCSGC
FspEI,CC
TspDTI,ATGAA
BseJI,GATNNNNATC
AcoI,YGGCCR
RsaNI,GTAC
PasI,CCCWGGG
EaeI,YGGCCR
EcoRV,GATATC
GlaI,GCGC
EcoT22I,ATGCAT
ZraI,GACGTC
XbaI,TCTAGA
BsiSI,CCGG
BspMI,ACCTGC
Acc36I,ACCTGC
FspBI,CTAG
AvaII,GGWCC
BspT107I,GGYRCC
PstNI,CAGNNNCTG
CseI,GACGC
GsuI,CTGGAG
BmiI,GGNNCC
PspOMI,GGGCCC
TseI,GCWGC
MaeIII,GTNAC
EgeI,GGCGCC
ClaI,ATCGAT
BsuRI,GGCC
BstHHI,GCGC
Sse9I,AATT
AjiI,CACGTC
BarI,GAAGNNNNNNTAC
SmiMI,CAYNNNNRTG
BsePI,GCGCGC
BsaI,GGTCTC
EclXI,CGGCCG
BseDI,CCNNGG
MhlI,GDGCHC
BauI,CACGAG
BstMAI,GTCTC
BtsI,GCAGTG
Aor51HI,AGCGCT
AflII,CTTAAG
PscI,ACATGT
SmlI,CTYRAG
Hpy188III,TCNNGA
BfoI,RGCGCY
Eco105I,TACGTA
BstYI,RGATCY
PspN4I,GGNNCC
PaeR7I,CTCGAG
Bpu14I,TTCGAA
AatII,GACGTC
XceI,RCATGY
CciI,TCATGA
Bpu1102I,GCTNAGC
Eco24I,GRGCYC
BspPI,GGATC
BseNI,ACTGG
PauI,GCGCGC
Sau96I,GGNCC
BspMAI,CTGCAG
AhdI,GACNNNNNGTC
Ecl136II,GAGCTC
BsiWI,CGTACG
XcmI,CCANNNNNNNNNTGG
NdeI,CATATG
BcoDI,GTCTC
SnaBI,TACGTA
PmaCI,CACGTG
BcuI,ACTAGT
AccI,GTMKAC
SphI,GCATGC
BstMBI,GATC
Bme1390I,CCNGG
DrdI,GACNNNNNNGTC
BpiI,GAAGAC
NmeAIII,GCCGAG
AleI,CACNNNNGTG
NdeII,GATC
PpuMI,RGGWCCY
EcoO65I,GGTNACC
BtuMI,TCGCGA
BglII,AGATCT
VneI,GTGCAC
VpaK11BI,GGWCC
Hpy188I,TCNGA
BbvI,GCAGC
AloI,GAACNNNNNNTCC
RsaI,GTAC
OliI,CACNNNNGTG
MseI,TTAA
AspA2I,CCTAGG
SfaAI,GCGATCGC
AluBI,AGCT
BstACI,GRCGYC
BciT130I,CCWGG
BstMCI,CGRYCG
HpyAV,CCTTC
MroI,TCCGGA
Fsp4HI,GCNGC
Eco81I,CCTNAGG
BstFNI,CGCG
AscI,GGCGCGCC
TatI,WGTACW
SfcI,CTRYAG
BstXI,CCANNNNNNTGG
PmlI,CACGTG
Msp20I,TGGCCA
Kpn2I,TCCGGA
Aor13HI,TCCGGA
RgaI,GCGATCGC
BsrGI,TGTACA
AspLEI,GCGC
MflI,RGATCY
EcoNI,CCTNNNNNAGG
CpoI,CGGWCCG
SacI,GAGCTC
BseSI,GKGCMC
SfaNI,GCATC
BspLI,GGNNCC
SpeI,ACTAGT
PspPPI,RGGWCCY
Bsc4I,CCNNNNNNNGG
Mox20I,TGGCCA
MspA1I,CMGCKG
BmgBI,CACGTC
SsiI,CCGC
HpaII,CCGG
PaeI,GCATGC
BccI,CCATC
BstF5I,GGATG
BspDI,ATCGAT
Lsp1109I,GCAGC
BalI,TGGCCA
AgeI,ACCGGT
Kzo9I,GATC
BstNI,CCWGG
BstSCI,CCNGG
NsiI,ATGCAT
BmtI,GCTAGC
Bbv12I,GWGCWC
LweI,GCATC
BsnI,GGCC
SfuI,TTCGAA
PfoI,TCCNGGA
HincII,GTYRAC
KspAI,GTTAAC
FatI,CATG
Hsp92II,CATG
BseRI,GAGGAG
BaeI,ACNNNNGTAYC
Bsp119I,TTCGAA
Eco31I,GGTCTC
BmuI,ACTGGG
Acc65I,GGTACC
HpySE526I,ACGT
BlpI,GCTNAGC
BstDSI,CCRYGG
HaeII,RGCGCY
BaeGI,GKGCMC
TaaI,ACNGT
FauI,CCCGC
PctI,GAATGC
AanI,TTATAA
Bse8I,GATNNNNATC
AbsI,CCTCGAGG
PteI,GCGCGC
NmuCI,GTSAC
DraI,TTTAAA
FspAI,RTGCGCAY
DpnII,GATC
CfoI,GCGC
VspI,ATTAAT
SchI,GAGTC
StuI,AGGCCT
BshVI,ATCGAT
BsmFI,GGGAC
FbaI,TGATCA
AvaI,CYCGRG
Bsp1720I,GCTNAGC
PkrI,GCNGC
BveI,ACCTGC
AciI,CCGC
EciI,GGCGGA
BmcAI,AGTACT
PspLI,CGTACG
TfiI,GAWTC
MabI,ACCWGGT
BstUI,CGCG
Eco53kI,GAGCTC
Cfr10I,RCCGGY
BstH2I,RGCGCY
