name,relative_counts,ct,ct_0,barcode,ct_1,barcode_ind
crpp1,85.83333333333333,519,5,TCTTCGAATCCTTCGATCTT,514,721554
crpp1,195.0,390,1,AGTCCCCCCCAATTAGAGCT,389,717763
crpp1,64.0,388,5,TTCGAGAAAGCAGGGAGTGA,383,718851
crpp1,144.5,289,1,TGACCCCTACTGTATCGCTC,288,719813
crpp1,55.4,280,4,ATTTGATAAAACTTATTAAA,276,716892
crpp1,132.5,265,1,GCCCAATTCGGTGTCAGGTC,264,717715
crpp1,43.0,262,5,TGCGGACTAACACTTGCTCA,257,713282
crpp1,27.77777777777778,257,8,TCGATTGTTCGCTTGACCCG,249,712695
crpp1,44.4,225,4,GAAGAGCGCTAATATGATGT,221,720112
crpp1,33.333333333333336,204,5,CCGCGTACCAGGTAGCTGTA,199,716537
crpp1,49.75,201,3,ACGTGTCAAAAATGATAGGG,198,717494
crpp1,48.0,194,3,CTTCTATGTCCTTGCTAATA,191,717718
crpp1,13.214285714285714,197,13,CATCTTATTGTAGACTGTTA,184,714746
crpp1,25.142857142857142,181,6,GGCGCGGCTCCACACTTTGT,175,712932
crpp1,85.5,171,1,TAAAGTCCATCGGGCTTGAA,170,720938
crpp1,84.0,168,1,ATATAATCGCCTGACAAAGT,167,717092
crpp1,17.666666666666668,166,8,GGTTTGCAAGGGATTCAGGA,158,714335
crpp1,52.0,157,2,ACGCCTCTTTCAGTTATACT,155,719366
crpp1,75.0,150,1,ATCATGCAACTAGAGTTGGA,149,720425
crpp1,29.6,151,4,GCGCACCTCTCGTCCGCTCC,147,712776
crpp1,29.2,149,4,GCAACCAGGACCTATGCGTG,145,712769
crpp1,48.0,145,2,ATCGCCGATGTTCTCTTTGT,143,712459
crpp1,17.75,148,7,AGACGACGGTGTCTTTCAAG,141,714847
crpp1,66.5,133,1,TAATTAGTTCTCGAGGTATA,132,712560
crpp1,66.5,133,1,TAATGTTGTTATGTCGTTCT,132,718437
crpp1,42.333333333333336,128,2,TTCATAGTCATTCACCCATG,126,714334
crpp1,63.5,127,1,ATGAAATATCTTATCAGCTA,126,716099
crpp1,60.5,121,1,TAGACACATCCTGAAAGCTC,120,718959
crpp1,19.666666666666668,122,5,TCTCCCCGATTATCAGTAAC,117,720213
crpp1,28.75,117,3,GCCCCCGTCGAAGTCCCGCT,114,717235
crpp1,57.5,115,1,ACGCTAGGTGGCCCTTATGA,114,713616
crpp1,22.6,116,4,TCGCGAAAGAACACGGTTGT,112,715398
crpp1,11.3,121,9,AGTTGGGCACATTAAGGGTT,112,717121
crpp1,56.0,112,1,TTCATTCACGCGTATAAATA,111,714161
crpp1,54.0,108,1,CGAATCTACGGGCCTTCGGA,107,712812
crpp1,18.0,112,5,AAGTATGATACCGTATCAAG,107,714970
crpp1,17.833333333333332,111,5,CGGTGAAGTAGACTCTGCCA,106,716762
crpp1,26.25,107,3,GGGCCATGGACACCCCACCT,104,719833
crpp1,20.2,104,4,CACAGATACCTGGACCCGGT,100,714905
crpp1,33.333333333333336,101,2,GCGTGATCAAGATAGGGGTC,99,716033
crpp1,25.0,102,3,AGGTTGGAAGCAACTAGGCA,99,713525
crpp1,33.0,100,2,TGATCCACGTGCGGGAGCAT,98,718556
crpp1,49.5,99,1,TACTCCCACCACCCTTCTGT,98,721786
crpp1,31.666666666666668,96,2,TCGTAATGTTTCGGTGATGA,94,716873
crpp1,29.666666666666668,90,2,GCTGATGCGCTCGAGCCCGT,88,719955
crpp1,44.0,88,1,AACAGCAGCTATTGCTCATA,87,720513
crpp1,14.5,91,5,CTTAAAAGGGGCAGATCGGT,86,719394
crpp1,42.5,85,1,AGACGACTGGGATCACTCCT,84,715936
crpp1,42.0,84,1,CCTGTACGAGAGGTAGATGT,83,713362
crpp1,41.5,83,1,GAGTCGTTAGTGCTGGACCT,82,720111
crpp1,8.2,90,9,CTAGTTTCGGGCTGTGATTA,81,712689
crpp1,8.1,89,9,ATTGCGAGCTGCACACTGGC,80,713991
crpp1,26.666666666666668,81,2,CGCCTCGTCGATTATTTTCT,79,717238
crpp1,39.5,79,1,TGCGTAAGCACTTCGTGATA,78,714564
crpp1,9.75,84,7,TGGAAGACGATAGCCAGTGT,77,719580
crpp1,11.142857142857142,83,6,CGCCCCGTGCCGGAGATAAG,77,712475
crpp1,12.833333333333334,81,5,GTGTATAGTCAGTGGGCTAA,76,717225
crpp1,25.333333333333332,77,2,GGGGGAGATCCACGACAGCA,75,716896
crpp1,19.0,78,3,GCATGACCTTGACAGTTACT,75,719238
crpp1,37.5,75,1,GCGGCGCACCTGGAAAGCTC,74,713064
crpp1,37.5,75,1,CTCTAGAGGCAGGGCGTAGA,74,714506
crpp1,8.333333333333334,82,8,CACGCAAGTGCTCACTTCGT,74,714349
crpp1,36.5,73,1,CAGGCCACACAACCTTACAA,72,714299
crpp1,18.0,74,3,TTGTCTGAACGTCTTGAGAG,71,719096
crpp1,8.0,79,8,TGCAGAATCTGCCCGGGAGT,71,713398
crpp1,17.75,73,3,ATTTAGTTTTCTGGGAATCT,70,717942
crpp1,35.0,70,1,TGTAACATAACGCTTTAAAA,69,717852
crpp1,11.666666666666666,74,5,TGGGTTCATTCGAATGCGCC,69,718101
crpp1,35.0,70,1,CCCACTTTTGGGCAGGCAAT,69,719511
crpp1,23.0,70,2,TAGACCCTAGCCCACTCTTT,68,720591
crpp1,17.25,71,3,GTGCAGCTAGATGCATACCA,68,714718
crpp1,34.0,68,1,GAAAGATTACGCTTCTGGAT,67,712912
crpp1,13.6,71,4,CGCAGATCGAGCCGAGCGCT,67,713258
crpp1,22.666666666666668,69,2,CAGCAGCGAAGCACTACATG,67,715648
crpp1,16.75,69,3,GATATATGGGCTTATCGAAC,66,713600
crpp1,11.166666666666666,71,5,ATATGGACGCCGGGTAACCA,66,720174
crpp1,33.5,67,1,AGCTTTTCAATCCAAAAGTG,66,717575
crpp1,33.0,66,1,CCCGAAACGGAGCTGTTCAA,65,716982
crpp1,16.25,67,3,TAGACGGATGTTCTCGTAAT,64,719743
crpp1,21.666666666666668,66,2,ATTTGGTGGTAGACGTTAAT,64,715001
crpp1,21.666666666666668,66,2,AAACTCAAATATTAAAGCGA,64,715546
crpp1,6.4,72,9,GGATTAGTACATTATGGCTT,63,716952
crpp1,8.857142857142858,67,6,TAACGTAATGCATTAATTCG,61,712832
crpp1,10.166666666666666,65,5,GTCGGTCGGGCACATAATCG,60,717161
crpp1,30.0,60,1,TAGGCCGGGGGGAATGTCCG,59,714727
crpp1,12.0,63,4,GGCTTTGACGTCCATGGCGA,59,713602
crpp1,15.0,62,3,GACGCAGTGCTGGCTGATTG,59,715239
crpp1,9.833333333333334,63,5,TGGAGCAGACCGAGGTATCG,58,718235
crpp1,11.8,62,4,TGGAACAGAAACGAGTTTAT,58,714228
crpp1,19.666666666666668,60,2,CGTTAACAGTATAGCCGAGT,58,719923
crpp1,5.8,66,9,GTTTAACGCGTCGTGGACTA,57,714235
crpp1,14.5,60,3,GGGCCACCGTTACGTAACTC,57,715034
crpp1,14.5,60,3,CAGTCCCGACATTCACGCAA,57,712895
crpp1,29.0,58,1,AGGGCGACATACTGGTTTAA,57,715798
crpp1,28.5,57,1,ACCCGGGCACTTCTTGCACA,56,717234
crpp1,28.5,57,1,AAACCGAGTCATGAATGTGC,56,721263
crpp1,9.333333333333334,60,5,TGCGTGTAGCCATGGACAAG,55,714396
crpp1,7.0,62,7,TGCCGACGGCGACGTGATCT,55,715467
crpp1,28.0,56,1,CAATTGTCAGTAGGTTGAAT,55,719610
crpp1,13.75,57,3,GTTGGTCAAGGCACTAACTT,54,715380
crpp1,27.5,55,1,CATAATGCGATCATAATCCG,54,713120
crpp1,10.8,57,4,GGCGTCTAGTGGATGGGAGA,53,721709
crpp1,27.0,54,1,CGCATCTCATGCTCTACGCC,53,721090
crpp1,27.0,54,1,CCTTAATCACTACGATCTTC,53,714697
crpp1,27.0,54,1,CCTGAGGACGGCTCGACGCC,53,715219
crpp1,13.5,56,3,AGGAATTGCTCGCCTTCGCG,53,719741
crpp1,26.5,53,1,TCTCGCATAATCTAGTCGTG,52,714890
crpp1,26.5,53,1,CAAGAGACCAGAAGCCACGT,52,717374
crpp1,17.666666666666668,54,2,AACAACAATCTAACCGGCCT,52,720747
crpp1,26.0,52,1,TTGTGGGTTCACGCCCATGC,51,714160
crpp1,17.333333333333332,53,2,GGACCTACGGCGCTACAAGA,51,717067
crpp1,17.0,52,2,GGTGACAGAGGGCTACAACG,50,715578
crpp1,5.1,59,9,GAATAAATTCAACGTTATCA,50,716494
crpp1,12.75,53,3,CGTGCTTAGATTAACACAAG,50,712548
crpp1,10.2,54,4,ATAACTTCATGTTCCTTATT,50,716828
crpp1,5.666666666666667,58,8,AGGCCCGACAGTCGCGGTGC,50,712896
crpp1,25.0,50,1,TGGGGACTGTTGCTGGGTGT,49,712608
crpp1,25.0,50,1,TCCGAGTATGGAGTGTTCTA,49,715870
crpp1,25.0,50,1,GGACAATTCCTCCTCCGTAT,49,721176
crpp1,25.0,50,1,CGATCTGAATACATTAATTA,49,719160
crpp1,25.0,50,1,CAACGGTCCGGATGAGTGTA,49,715767
crpp1,4.166666666666667,60,11,ACTACAGTGGTTTTAAGTAC,49,716709
crpp1,25.0,50,1,ACCTTACTCAGACGTGCTAT,49,715905
crpp1,7.0,54,6,TCCGGTGAATAACGACTCAA,48,718736
crpp1,24.5,49,1,GATGCCTCCAGAGGGCCTTT,48,714138
crpp1,8.166666666666666,53,5,CCTACACAGCATATTCGGAA,48,713511
crpp1,24.5,49,1,CCCTCCCTATTCCCGGCAAG,48,717482
crpp1,16.333333333333332,50,2,CCATATCATGAACTAGCTTA,48,720081
crpp1,12.25,51,3,CAGGAGTAGTTCCTGTCTTT,48,718102
crpp1,16.333333333333332,50,2,ACGCACTGCTAGATTAAAAC,48,715519
crpp1,8.0,52,5,TGTGGATATCTGTGCGAAGT,47,720743
crpp1,24.0,48,1,GCGTCTGGGACCAGAACAGT,47,717074
crpp1,12.0,50,3,CGGTTACCCCGCCAGCCGTG,47,715914
crpp1,5.333333333333333,55,8,CCGCGGGGGCGCCAGGGTCT,47,713236
crpp1,16.0,49,2,CAACTGACCTATGGCTCACA,47,716645
crpp1,24.0,48,1,ATGGAAGAACGTGGGCGAGC,47,712957
crpp1,24.0,48,1,ATCCTAGTGGCCTAGACAAC,47,712796
crpp1,24.0,48,1,ACGATATGGTGTTCTCCGCA,47,714244
crpp1,8.0,52,5,AACCCACATTAGGATACTTA,47,713762
crpp1,11.75,49,3,TGTCATGCACGATGCAACGG,46,713243
crpp1,23.5,47,1,GTCCGTCCAGGATTCCAAGA,46,716712
crpp1,15.666666666666666,48,2,GGTCATGGACGTACATCACT,46,718599
crpp1,11.75,49,3,CCATACTGAGCATAAGACAC,46,713339
crpp1,23.5,47,1,ACCCAGATAACACTCACGAG,46,715993
crpp1,3.8333333333333335,56,11,TTTTGGAGTAGAGGTCATAT,45,720172
crpp1,15.333333333333334,47,2,TTATGCAGAGCCTGCCAGCG,45,717322
crpp1,23.0,46,1,GATTAAGGATGTGACTGGAA,45,715316
crpp1,23.0,46,1,AGCTAATCGAGGTCACAGCT,45,716516
crpp1,15.0,46,2,TGATAAGCGGTCCACGAGGA,44,715341
crpp1,7.5,49,5,TCTGCCCAGCGTGACTCTTA,44,717043
crpp1,15.0,46,2,TCCTATTATCAAGCGCGAAT,44,719928
crpp1,22.5,45,1,GCTTTAACAGCACCTAGTAG,44,712598
crpp1,14.666666666666666,45,2,GGACTACATAAACCTTGTCG,43,716993
crpp1,11.0,46,3,GAGCCCTAGCATATTGCTAG,43,716978
crpp1,11.0,46,3,CTGGAAAGGAACGATATTTT,43,712967
crpp1,22.0,44,1,CCTTACATACTATCAGCGTT,43,715550
crpp1,11.0,46,3,ATCAATCCTGTCAGGAACAG,43,719354
crpp1,22.0,44,1,ACCATAGAAGCTAAGTACCT,43,720682
crpp1,2.933333333333333,57,14,ACACACGCCTAGCCATCGAT,43,716074
crpp1,21.5,43,1,TGTTGCGTGCGGACTCATAT,42,715747
crpp1,14.333333333333334,44,2,TGTACTAACATTAGCCTCAT,42,714778
crpp1,21.5,43,1,TACGCAGATCGACATTATAG,42,712549
crpp1,8.6,46,4,GGCGCGGATCGCCAGAAATT,42,713538
crpp1,14.333333333333334,44,2,GGAATAGAATACAATACCAA,42,712491
crpp1,10.75,45,3,GATGCTTGAGGAGTTACTTT,42,715250
crpp1,21.5,43,1,GAGACCCTAGGGCTAACGAA,42,719257
crpp1,4.777777777777778,50,8,CCCCGCTAACATGCCACCCA,42,714794
crpp1,21.0,42,1,TTGTTAGAGCAGTCTCCTCA,41,718581
crpp1,7.0,46,5,TTGCCTTCTCCAGTCTTTGC,41,712645
crpp1,21.0,42,1,TTAGGACATCAGACACTCCC,41,712763
crpp1,10.5,44,3,TCCGGAAAGCCGAACGTTAA,41,715401
crpp1,14.0,43,2,TATTGGAGTTCCTACATTGA,41,714262
crpp1,10.5,44,3,TATCCAACCTTAATCCGGAT,41,713909
crpp1,8.4,45,4,TACGCACTAGGGAAAGCAAA,41,720461
crpp1,10.5,44,3,GTTGGGTATGCGTATCGGAC,41,718805
crpp1,14.0,43,2,GGGATTTACGCACCAAACCT,41,719665
crpp1,10.5,44,3,GGGATGATCAAAGCTGACAA,41,717535
crpp1,14.0,43,2,GGAGAGTATCCTCGAACATT,41,714460
crpp1,14.0,43,2,GAACTTGTCGATCGGGAATA,41,721301
crpp1,21.0,42,1,CGTAATCGTACGACGTCAGG,41,720423
crpp1,6.0,47,6,CCCGCCGGGTGGGGTCCTGA,41,716863
crpp1,10.5,44,3,AGGACTTGTGTGATCCGTCC,41,716204
crpp1,8.2,44,4,TCGGTTAGCGATATCGTGTA,40,717024
crpp1,20.5,41,1,TCGCTGCGCTGTTGAGGTCT,40,714163
crpp1,10.25,43,3,GTATGGCAAGGGTTTGTGTA,40,713380
crpp1,20.5,41,1,CTGTTACCATTTATCGCTTT,40,715041
crpp1,10.25,43,3,CCGCGGTATAGCAGCAGGGA,40,713983
crpp1,20.5,41,1,ATGTGACGGTACGGACACAT,40,716938
crpp1,8.2,44,4,AGCCCGATCAGCACCGGCTA,40,720939
crpp1,8.0,43,4,TGATTTCTGTTTAATGACAC,39,714855
crpp1,20.0,40,1,TACAATCACAGTGTTGACTA,39,719446
crpp1,10.0,42,3,GTTGATCCTCTAGAGGCTCG,39,717744
crpp1,8.0,43,4,AGAAAACTCTGCGGCTTAGT,39,718595
crpp1,19.5,39,1,TAATCATTGGTATCATAACG,38,714848
crpp1,9.75,41,3,GGCCGTGGTGCACCACGTCC,38,714383
crpp1,9.75,41,3,GCGTTGCAGTGTGGTTTCCT,38,717827
crpp1,6.5,43,5,GCATGTGTTATATAGCGAAG,38,712704
crpp1,19.5,39,1,CTGCGGGAGTACGAGCGTGT,38,714147
crpp1,9.75,41,3,CTACCGTTGGCCAAGTTCTT,38,717717
crpp1,4.333333333333333,46,8,CGATCTGGTTCAAGAGCAGT,38,717469
crpp1,9.75,41,3,CCACCGCTCTGGCATTCGTG,38,719533
crpp1,5.428571428571429,43,6,TCGATAGTATTCAGCCGGAG,37,716958
crpp1,12.666666666666666,39,2,TAAGTCATAGAGCCGTTGCC,37,717033
crpp1,3.4545454545454546,47,10,GTTTCGAAGATCAGCGGACT,37,713701
crpp1,5.428571428571429,43,6,GCAGCCGCAACGTCGGCAGT,37,712455
crpp1,12.666666666666666,39,2,GAAGCCTACATGGAAGCGGG,37,719007
crpp1,19.0,38,1,CCTGTCTAGTGTACAACGTC,37,719343
crpp1,7.6,41,4,CCTGGCTTCCAGTTCTGTCA,37,720323
crpp1,12.666666666666666,39,2,CCTACACCGTGGAGTAATCT,37,714237
crpp1,5.428571428571429,43,6,CAGGTGGCGATCTTCGACAA,37,719088
crpp1,7.6,41,4,ACTTTTTTGAGTCATTTTTA,37,719752
crpp1,18.5,37,1,TGATAACCTGATTCCTTCAT,36,720709
crpp1,18.5,37,1,TCGGACGCATATCTCGTAAA,36,719991
crpp1,18.5,37,1,TATAGTCAGAGAACTATCTC,36,713488
crpp1,5.285714285714286,42,6,CTGTATGGTAGGGATTGTGA,36,717382
crpp1,18.0,36,1,TGCGAATAACTGGCGCCCAT,35,718308
crpp1,18.0,36,1,TACGATTGCTCGCGACCTCC,35,714372
crpp1,12.0,37,2,GGTCCCGTAGCAATACTCCA,35,716405
crpp1,2.5714285714285716,48,13,GCGGGGAGTGCCCGAGAGAG,35,712666
crpp1,6.0,40,5,GAGAACGCGAATGTAAAACT,35,715235
crpp1,18.0,36,1,CCCGTGTGTCGGCCCGTTGA,35,712946
crpp1,18.0,36,1,ATTTTTTAGTTCCAGAAAAG,35,715474
crpp1,4.5,42,7,ATATTGCGGCACCCACCCAA,35,712710
crpp1,9.0,38,3,AGTTGACTGCCATGTGGTCA,35,718167
crpp1,12.0,37,2,AGTACTGGCATTCGAGGTTG,35,712600
crpp1,18.0,36,1,AGCGTCGGTTGATCCTTGTG,35,717226
crpp1,8.75,37,3,GTTGCAGTTTCTCGCCGAAA,34,714178
crpp1,8.75,37,3,CCCTAATGGGTCGGATCACT,34,713040
crpp1,17.5,35,1,AGATGCGCCACAGAATGGCA,34,717656
crpp1,7.0,38,4,AAGGAGTTAGTAGCCGTCTC,34,717310
crpp1,5.0,40,6,AAGAGGGGTCACAGGGGAGG,34,721494
crpp1,17.0,34,1,TTCGGGAGGGAGCTGGATGG,33,713302
crpp1,5.666666666666667,38,5,GTTTAGCCGTCCCTCATGCT,33,713522
crpp1,4.857142857142857,39,6,GGTCATCTCAGTGTAAACCC,33,719894
crpp1,5.666666666666667,38,5,CTATCACTTGCGCCAAGCCA,33,713786
crpp1,17.0,34,1,CGCCCACCCGAGGCGCAACA,33,717154
crpp1,11.333333333333334,35,2,CGCCAAAGTCTATGGGTTTA,33,713110
crpp1,11.0,34,2,GTTCCGCTTACCACTTTATT,32,713453
crpp1,16.5,33,1,GCCGGTACTATTATCCAGAT,32,714646
crpp1,11.0,34,2,GATGCACCCCGTTTAAGGAA,32,716852
crpp1,16.5,33,1,CTGCGATTCAAGACAGACTA,32,717523
crpp1,16.0,32,1,TGTGTGTCTGGTCAATTCCC,31,712891
crpp1,10.666666666666666,33,2,TAGCGATCTTCTTTCCGATG,31,718893
crpp1,6.4,35,4,GCCTTAACGGAAAAAAACTA,31,717817
crpp1,10.666666666666666,33,2,CGTAATGTCCCAGGAATTTG,31,720249
crpp1,16.0,32,1,CCTTATCACCGCATCCGCAA,31,715718
crpp1,5.333333333333333,36,5,CCGGCGACGTATATATTTTA,31,714989
crpp1,3.5555555555555554,39,8,ATTTGTCCCTCGGCCAAGGT,31,715382
crpp1,4.428571428571429,36,6,TTTTCTTACACTGTATTCAC,30,715890
crpp1,5.166666666666667,35,5,TTGAGGCAGCCACTCCCTAC,30,715371
crpp1,4.428571428571429,36,6,TGCATGCAATGATGGATCGT,30,718340
crpp1,10.333333333333334,32,2,TCGTTTGATTTCAGAATGAT,30,712906
crpp1,10.333333333333334,32,2,GTGTGGTCTAGTTTGCATGC,30,718951
crpp1,10.333333333333334,32,2,GCAAGTCACTCGTGGATTGT,30,715751
crpp1,6.2,34,4,CGTTTCCACGGGAACCAGGA,30,713837
crpp1,6.2,34,4,CGTATCGAAAGTTGGTTCTT,30,717815
crpp1,15.0,30,1,TGTAGGACCGGACCTCGGAG,29,714606
crpp1,7.5,32,3,GGGTACTTTTCTGGAGCCGA,29,715502
crpp1,3.75,36,7,GAGTCATCCATCGCTAATGG,29,712717
crpp1,2.0,43,14,CTTAGTAAAGAACATGACGT,29,715830
crpp1,15.0,30,1,CGCGTGAATGTTGTGGGCGG,29,712943
crpp1,4.285714285714286,35,6,CCGGGTCGAATTAGGAACAA,29,721190
crpp1,7.5,32,3,CACGACGACCTCCGGAAGGA,29,714582
crpp1,4.285714285714286,35,6,AACCCCGGGTTAGGCAATGT,29,714238
crpp1,9.666666666666666,30,2,TTTTGTAGGTTTGTGTCCGG,28,712539
crpp1,4.142857142857143,34,6,CCGCTGTAGATTACCAGCCA,28,713976
crpp1,14.5,29,1,AGGCTACTCACTGGTAGATA,28,720168
crpp1,14.5,29,1,AACACTGAACTTCTTCCGGC,28,718304
crpp1,5.6,31,4,TCCTGGTGAGGTGTTCATTA,27,713777
crpp1,14.0,28,1,GGACCCCTCCATTTGAAGTA,27,720076
crpp1,7.0,30,3,CCCTAATGGGGGGACGAGGT,27,716368
crpp1,7.0,30,3,AGTAACTCATATGTTTATTG,27,715339
crpp1,13.5,27,1,GATCGATGCAAGGACAGCGG,26,713846
crpp1,13.5,27,1,CTACACCGTGTCATGTGCGG,26,713224
crpp1,13.5,27,1,CCATGGTCATTATGCCATCT,26,715744
crpp1,2.4545454545454546,36,10,CATTTCTATAGTATCATCAC,26,712566
crpp1,5.4,30,4,AGAGTGTGTTCGTTACTTGC,26,713303
crpp1,13.5,27,1,ACGTTAGTCATTCTGCTTGT,26,715388
crpp1,8.666666666666666,27,2,TCGTTATCTACAATTCCGAA,25,713257
crpp1,13.0,26,1,GTCGTCAGTTCATGTGCTAC,25,712609
crpp1,13.0,26,1,GGCGTTCGACCCTATATACC,25,716796
crpp1,5.2,29,4,GCCGGAAGACCCTTGGGCTG,25,717588
crpp1,8.666666666666666,27,2,GATATCTGGCCGCCGTAGGT,25,713904
crpp1,8.666666666666666,27,2,CACGGTTACATATTCTCCTT,25,719528
crpp1,8.333333333333334,26,2,TCTCGGTTTTTCTCTCACCC,24,712872
crpp1,12.5,25,1,TACGACACCTATCACCACTC,24,719993
crpp1,6.25,27,3,GAGCTAACAAGCTTCAGACT,24,713736
crpp1,6.25,27,3,CGTGAAATTCAGTTAATAAG,24,717917
crpp1,12.5,25,1,CATCACTCACAGGCGAGCAT,24,718930
crpp1,6.25,27,3,CAATTTACTGAGGCGTTTAG,24,716393
crpp1,8.333333333333334,26,2,AGTAAGCCGAAGATCTGACT,24,712529
crpp1,6.0,26,3,TCCTCTAAAAAGAAGCAAAT,23,715977
crpp1,4.8,27,4,GTTCGACTCGCCGTGCCTTT,23,713708
crpp1,12.0,24,1,GGGGTCTGTGGTGAAGAATC,23,712979
crpp1,8.0,25,2,CGCTGGGACTTTGGTGGAAT,23,716257
crpp1,11.5,23,1,TTTCGCCCTGTGTATGGAGT,22,721001
crpp1,3.8333333333333335,27,5,CGCAGTCCCGATCCTTTCTA,22,717390
crpp1,5.5,24,3,GTGCGGCCCCTCGACCGAGA,21,716765
crpp1,3.6666666666666665,26,5,GTACCACATCCCCTATGTAT,21,718032
crpp1,7.333333333333333,23,2,CGTCACGCCAAGCCTGTCGG,21,715564
crpp1,5.5,24,3,CGCGCGGCCGATGAGAGTGA,21,716867
crpp1,7.333333333333333,23,2,AGGATCATATCTAACTTTCC,21,720203
crpp1,7.0,22,2,CGTTCGTGGGTACTTCGCGT,20,715340
crpp1,2.625,27,7,CCTTTGAGTGCTACTGACCC,20,719299
crpp1,4.2,24,4,CAACAATGTATTGGGGGGCA,20,716328
crpp1,3.0,26,6,AGGGCCGGCTTTTCCCTATC,20,717032
crpp1,6.666666666666667,21,2,GCACTTAGAAAGTACCGGCA,19,721764
crpp1,10.0,20,1,GAGTTGAGATGGTTGCCTCT,19,716049
crpp1,10.0,20,1,CGGCACGCCAGGGGACAATA,19,714831
crpp1,10.0,20,1,AGCCATCTCTGGATCCACTC,19,713436
crpp1,6.333333333333333,20,2,TTTGATGTTGGTGTAACGGA,18,717709
crpp1,3.8,22,4,GTAAACGACCTTGGTGGTGA,18,712754
crpp1,6.333333333333333,20,2,AAGGTGTCCTGACGACCAGC,18,716868
crpp1,9.0,18,1,TGTTGTCTATATGATCCCAT,17,719946
crpp1,2.25,24,7,TGCGAAGAGCGTTGCGTAGG,17,719491
crpp1,6.0,19,2,ACTCGGGAAACACCGTACGG,17,720383
crpp1,3.4,20,4,TAGCAAACATACCAGGAAAC,16,720353
crpp1,5.333333333333333,17,2,GTTGCACCATTTTTAAAGTT,15,715557
crpp1,2.6666666666666665,20,5,GATATTACATCATACGCTTG,15,713284
crpp1,8.0,16,1,CATGATTGGACCCGAATCGT,15,721806
crpp1,2.6666666666666665,20,5,AAGGAACACCGCACGACGAC,15,718212
crpp1,3.75,17,3,GTTCCGCACGAGCTGTCAGG,14,715635
crpp1,7.5,15,1,CTCACCGTTAGCGGAGGCCA,14,719947
crpp1,7.5,15,1,CCCATCGTGGGATTAAATTG,14,716009
crpp1,7.5,15,1,ATGTCTAGTTATCGCGCGAC,14,719009
crpp1,4.666666666666667,15,2,TCCTTGATGGGTGCCAAAAA,13,716570
crpp1,4.666666666666667,15,2,GAGGCCTAATTCCTTAAGTT,13,719219
crpp1,7.0,14,1,CCATAGTTTCCCTCGTCTCT,13,713458
crpp1,7.0,14,1,ATGAGAATTACAACCCACTA,13,712876
crpp1,6.5,13,1,TTGCTCTATGGACAACTAAT,12,714859
crpp1,1.4444444444444444,20,8,TACTGTACCGCGATATCTGT,12,715130
crpp1,2.6,16,4,CGCTGTACTAGAAACGGTTT,12,716625
crpp1,2.75,13,3,TAATGCAAAGTGGGCTGGGG,10,714946
crpp1,2.75,13,3,TAAATGTATCCCGTCGCCAT,10,715334
crpp1,3.6666666666666665,12,2,GTCCTGATCTTTTTCGAAAT,10,718130
crpp1,5.5,11,1,ACCGAATCAAACGTTCAAGG,10,719308
crpp1,5.0,10,1,CTGGAGAGCTATAACAACGT,9,717014
crpp1,4.5,9,1,TCCTCTTGCCACGTTGCACA,8,717693
crpp1,2.6666666666666665,9,2,TAACGGTGTAAGATCACCCT,7,716616
crpp1,1.4,10,4,GTCTGAGAACGGTTTTGAGA,6,720822
crpp1,2.3333333333333335,8,2,GACCAAGGCTTAGGGGGATG,6,721075
crpp1,1.75,9,3,CTTACGCACGCTCTCAACCA,6,713442
crpp1,2.0,7,2,GTGGTAGTTGTACAAGGGGG,5,716827
crpp1,2.5,5,1,CATTGCACGGGAATCCTAGC,4,715913
crpp1,0.6666666666666666,8,5,TGATTAGAGAACGGGGACCA,3,716235
crpp1,2.0,4,1,GTGCTGTGGGGACATCAAAT,3,719132
crpp1,2.0,4,1,GTCTATAAATTCAGGAGACC,3,717237
crpp1,2.0,4,1,GACGCTCATCTCAGTGTTTA,3,717293
crpp1,2.0,4,1,CGAACGCCAGTGATAACTAA,3,719535
crpp1,2.0,4,1,ATAGAGGGTTGTAGTTTCCC,3,716582
crpp1,1.0,6,3,AGTGTTGTTTTTGCGGGCCT,3,718317
crpp1,0.4444444444444444,11,8,AATAAGCAGTAGGGAAGGTA,3,715171
crpp1,1.0,4,2,TTTCTACGTCGGTCTTTCCG,2,713126
crpp1,1.5,3,1,TTACCTGTGAATCAGGCTTA,2,713571
crpp1,1.0,4,2,TTAAATGGTATGTTTCCCCA,2,712821
crpp1,1.5,3,1,GGTTAAGCTCCAACTATTGT,2,719632
crpp1,0.6,6,4,GCCATTTATCGCGGCACGGT,2,713807
crpp1,1.5,3,1,CATAGCACTCCCACTAATTT,2,719945
crpp1,1.5,3,1,CAGGTGACTCAATCACAGTT,2,714603
crpp1,1.0,4,2,AAGGAGTCTTCCCGTACTCA,2,716361
crpp1,0.25,8,7,TTGCAACCTAGCAAATAATA,1,713354
crpp1,0.6666666666666666,3,2,TTAACAAACGTCCACGAGCA,1,713497
crpp1,1.0,2,1,TGGGTTTATTTCAACTCTCG,1,719298
crpp1,1.0,2,1,TGGCATAACAGTTTGCACAT,1,720847
crpp1,1.0,2,1,TGCAACCCGCCGGCTTTTTG,1,719888
crpp1,0.4,5,4,TCGTCTATAAGTTGGTTATT,1,713547
crpp1,0.5,4,3,TCGGTGCTTCACAGCTTGAT,1,719770
crpp1,0.5,4,3,TCCGGGGTGTTTGTCAATCG,1,718558
crpp1,0.5,4,3,TATCTACTTGCAGATTGGGA,1,716813
crpp1,0.3333333333333333,6,5,GTGGATCACGGGCGGAAGAA,1,720983
crpp1,0.2857142857142857,7,6,GTGACTGCTCCCGTGAGTAC,1,718154
crpp1,0.14285714285714285,14,13,GTCCCTTTCGCATGGGCGCA,1,712973
crpp1,0.6666666666666666,3,2,GGTAGTGTTTGATAGGTTGT,1,712748
crpp1,0.6666666666666666,3,2,GGCTTGTCATCAAAAGTATT,1,713498
crpp1,0.25,8,7,GGATGCAATCTAACTAATCT,1,713456
crpp1,0.5,4,3,GCTAGAATAGCCCGGCTGAG,1,718411
crpp1,0.4,5,4,GCCCGCTGGCATTAACCACA,1,720981
crpp1,0.2857142857142857,7,6,GCCCCATATGACGCAACATG,1,720987
crpp1,0.3333333333333333,6,5,GCAGTTCATGTGACTGAACA,1,712852
crpp1,0.5,4,3,GATTGTCCAATTATCGCGTC,1,718765
crpp1,0.6666666666666666,3,2,GATGCAGCCAGTGAACCTAC,1,715878
crpp1,0.2857142857142857,7,6,GAGAGTGAGGGTATCGTCTA,1,712501
crpp1,0.4,5,4,GAGACGTCACTGCGAATCTC,1,719508
crpp1,1.0,2,1,GACCCCTTCATAATCTCCTT,1,717991
crpp1,0.6666666666666666,3,2,GAACACAGGAAAAGCAGCAA,1,715238
crpp1,0.4,5,4,GAAACAAACGCGCGCAGACA,1,720954
crpp1,1.0,2,1,CTTCGGACAGTCGCCCGGCT,1,719161
crpp1,0.5,4,3,CTTACGAGCTTGACCAGTAA,1,718038
crpp1,0.4,5,4,CGGGTGTAGCGTACCGAACA,1,719623
crpp1,0.5,4,3,CGCGCCAAAGGTTTCCCCGG,1,718806
crpp1,0.3333333333333333,6,5,CGCACTAGCCCGTGGAGCTC,1,719144
crpp1,0.14285714285714285,14,13,CGATCCCACTCCAAATTTGT,1,715938
crpp1,0.6666666666666666,3,2,CCTCGCGAGAACTTTAAGCA,1,715037
crpp1,0.6666666666666666,3,2,CCGGGTATTAACAACGATTA,1,718687
crpp1,0.6666666666666666,3,2,CACCGTTGTGGATCTCATCG,1,719231
crpp1,1.0,2,1,CAATGGAGGATTCGTGTGTC,1,719191
crpp1,1.0,2,1,CAACGTTACCAGAGGCCTAC,1,715764
crpp1,1.0,2,1,CAACGCGCGGAGATAGATGT,1,718758
crpp1,0.6666666666666666,3,2,CAAAGCGCGGAAAGAAGCAG,1,718886
crpp1,1.0,2,1,ATGGGACTCTGGGTTACGGT,1,712693
crpp1,1.0,2,1,ATGATAGGTACAATCGCGGT,1,715917
crpp1,0.6666666666666666,3,2,AGTAATGCTCAGGTTATAGT,1,717977
crpp1,1.0,2,1,ACTTCATATGGGTAGTGCCT,1,719004
crpp1,0.3333333333333333,6,5,ACTCACGTAAGGGCAGAGAG,1,715510
crpp1,1.0,2,1,ACGTCAAGTCTGCATGCGTT,1,721603
crpp1,1.0,2,1,ACGGAAGGCGGAGTTCCCGC,1,720445
crpp1,0.4,5,4,ACCAGGTCTATGACTAGATG,1,712905
crpp1,0.6666666666666666,3,2,ACAGTTATGCGAACTCAGCT,1,715324
crpp1,1.0,2,1,AAACTATCCAGTGGCCTTCA,1,715686
crpp1,0.5,4,3,AAAACACCTATGTGTTTTAT,1,717702
crpp1,0.07692307692307693,12,12,ATTTGAGGTAATACACAGCT,0,719436
crpp1,0.08333333333333333,11,11,TTGGCTCGCGTTATTTGCAT,0,714058
crpp1,0.09090909090909091,10,10,TGATGCAGGCGTCCTGATTT,0,713291
crpp1,0.09090909090909091,10,10,GCGTACTCAGTAAATTCGAG,0,719410
crpp1,0.09090909090909091,10,10,CTCGAGATGTAAACACGTCT,0,714722
crpp1,0.09090909090909091,10,10,AATAATTACTTTCCTGATGC,0,716515
crpp1,0.1,9,9,GTTTCCTGGGAAGAGGTTTG,0,712502
crpp1,0.1,9,9,GGTGTCCCGCGTCGGACTCT,0,712498
crpp1,0.1,9,9,GCGCGCGATTAAAAGCAATA,0,716481
crpp1,0.1,9,9,CTTACATACGCGGTTAATGT,0,714339
crpp1,0.1,9,9,ATCACTAACTGGCGGGAGGT,0,714930
crpp1,0.1111111111111111,8,8,TTAGTCTAGTGCCCTGAACT,0,714840
crpp1,0.1111111111111111,8,8,GGTAGCGACCTCTATGCGTC,0,716040
crpp1,0.1111111111111111,8,8,CAAGAAGTAAATTGTACCTC,0,715723
crpp1,0.1111111111111111,8,8,ATAACAAAGCGTGATAGATG,0,712617
crpp1,0.1111111111111111,8,8,AGCGGTATAAATGGTCTGGA,0,713046
crpp1,0.1111111111111111,8,8,AGAGCACTACAACACGGATA,0,719294
crpp1,0.1111111111111111,8,8,AAGAACGGTCTAACGTGGGT,0,713214
crpp1,0.125,7,7,TCCCGTCAACAAAAAAGGGG,0,716834
crpp1,0.125,7,7,TAGGGCACCTAGTTCACCAC,0,713759
crpp1,0.125,7,7,TAACAGGCAATTCTTTCTTC,0,719171
crpp1,0.125,7,7,GGCGAACGGAGAGCTAATCG,0,715393
crpp1,0.125,7,7,GCGAGGCGTTCTGGTTAGCA,0,717093
crpp1,0.125,7,7,CAGTTTCATTTAGGAGGTTC,0,719256
crpp1,0.125,7,7,ATATACAGCCAGACAGCCGT,0,716221
crpp1,0.125,7,7,AGAGTGATCATCACCGCGGA,0,717985
crpp1,0.125,7,7,ACATTTCTATGCGCATGTTG,0,714066
crpp1,0.14285714285714285,6,6,TTAATTCACCGAACGCTCTG,0,716569
crpp1,0.14285714285714285,6,6,TGCTAAATCTGGAAGCTAAT,0,717834
crpp1,0.14285714285714285,6,6,TGATCCATGCCATTTCCGGA,0,717932
crpp1,0.14285714285714285,6,6,TGACTTGACTTTCTACGCTA,0,714081
crpp1,0.14285714285714285,6,6,GGTTTTCAACGTTCCACCCT,0,714523
crpp1,0.14285714285714285,6,6,GGTCTGTCACAAGACTGGCT,0,713662
crpp1,0.14285714285714285,6,6,GGGTCCGAGTGCGCCAGAGC,0,713417
crpp1,0.14285714285714285,6,6,GGCCCTCTTCAGATCGAGCA,0,715234
crpp1,0.14285714285714285,6,6,GAGCTCTCCCGGTCTGGAAA,0,716776
crpp1,0.14285714285714285,6,6,CTCCCTGAGGGGCGGCTTCT,0,717553
crpp1,0.14285714285714285,6,6,CGGGTTTGTCTGTTCTGAAT,0,718742
crpp1,0.14285714285714285,6,6,CACTTGATTGATTTTGATCT,0,713404
crpp1,0.16666666666666666,5,5,TTGAAGGCCCGGTACTCGCC,0,714610
crpp1,0.16666666666666666,5,5,TTCGCTCGTTGGTTTCGAGT,0,719646
crpp1,0.16666666666666666,5,5,TTACCAGGTCAACTCAACAT,0,712543
crpp1,0.16666666666666666,5,5,TGCATCTGCATACGCGCATA,0,713505
crpp1,0.16666666666666666,5,5,TGATATTTCTCCGGCAACGT,0,714442
crpp1,0.16666666666666666,5,5,TATGGGGCAGTTCGGAGCGT,0,721588
crpp1,0.16666666666666666,5,5,TATCGGAGGAAGGACCCATT,0,720266
crpp1,0.16666666666666666,5,5,TAAATTGGACATAATCAAAG,0,713019
crpp1,0.16666666666666666,5,5,TAAAGGAATCGGTATGATTC,0,715528
crpp1,0.16666666666666666,5,5,GTCCAAAAGGAGGCCAGAAA,0,714391
crpp1,0.16666666666666666,5,5,GGGTCTCACCTATGATACTT,0,719439
crpp1,0.16666666666666666,5,5,GGCGTTCATAGTTCATCACT,0,712652
crpp1,0.16666666666666666,5,5,GGATTGTGTGAACGGAGGAC,0,713610
crpp1,0.16666666666666666,5,5,GGAGTGGCATGGATGGAACG,0,714115
crpp1,0.16666666666666666,5,5,GGAGTGAAATCACTGGGTCA,0,718465
crpp1,0.16666666666666666,5,5,GGAGAACAGATTGCGCATAC,0,715014
crpp1,0.16666666666666666,5,5,GCTAGGGCGGCGACTATCAT,0,721639
crpp1,0.16666666666666666,5,5,GCCTCCTTCGGCGGGCGGGT,0,717423
crpp1,0.16666666666666666,5,5,GCCCGATAAGGAGTAGACTT,0,715687
crpp1,0.16666666666666666,5,5,GAGACACTGCTTGGTCCTGT,0,713717
crpp1,0.16666666666666666,5,5,GAACACGTGTCTGAGAGTGG,0,714263
crpp1,0.16666666666666666,5,5,CTTTGATCGTTATCCATGGA,0,714117
crpp1,0.16666666666666666,5,5,CTTAGTTCGTGTCGCTGGAT,0,713410
crpp1,0.16666666666666666,5,5,CTGTCGATACATACACGGTT,0,713392
crpp1,0.16666666666666666,5,5,CTGGATACAATTCGTCAGCA,0,715458
crpp1,0.16666666666666666,5,5,CTGCATCGGTCAGCCTGTAT,0,717357
crpp1,0.16666666666666666,5,5,CGTTCTGCGTCACCTGCAAC,0,720769
crpp1,0.16666666666666666,5,5,CGTCCCATTCCCCTGCTGCC,0,718059
crpp1,0.16666666666666666,5,5,CGGGAATTGTAATCATAGAT,0,717424
crpp1,0.16666666666666666,5,5,CGGCTGGGTTTGCCCGAGAG,0,712464
crpp1,0.16666666666666666,5,5,CGGCATTGCGGATAGCATCC,0,718387
crpp1,0.16666666666666666,5,5,CCAATCACTTACAAGCGCGA,0,716289
crpp1,0.16666666666666666,5,5,CAATCACGACGAGGCTACAT,0,714862
crpp1,0.16666666666666666,5,5,ATTGTTAACGGTACAGGTGC,0,715059
crpp1,0.16666666666666666,5,5,ATTACTGTAGACAAATACCT,0,713967
crpp1,0.16666666666666666,5,5,ATCGGGAGCTATCCACGCGA,0,715531
crpp1,0.16666666666666666,5,5,AGGTTCATATGGACTTGCAA,0,717687
crpp1,0.16666666666666666,5,5,AGCTAGCAGGCCCACGGGAG,0,714447
crpp1,0.16666666666666666,5,5,AGCTACGCTTGAAGGTGCAT,0,717671
crpp1,0.16666666666666666,5,5,AGCGTGCTCCCGGCAGTCCT,0,714548
crpp1,0.16666666666666666,5,5,AACCGGTGTCGGGCCGTATA,0,720264
crpp1,0.2,4,4,TTCTCTTCTCAGTGTCATAT,0,719210
crpp1,0.2,4,4,TTCCTGAGCCCGGGGGTGAT,0,714908
crpp1,0.2,4,4,TTACTTATTTATATGAACGT,0,716125
crpp1,0.2,4,4,TGTCAAACTTTCACCGACAT,0,714428
crpp1,0.2,4,4,TCTTATACATAAAAAGTTAA,0,712787
crpp1,0.2,4,4,TCTGAAACGATAAATTAGAA,0,721492
crpp1,0.2,4,4,TCTATGAACTTTGCAGTAGC,0,716815
crpp1,0.2,4,4,TCGGTGGAAGTTAAACCTGA,0,716171
crpp1,0.2,4,4,TCAGCCGAGAATGGATTTAT,0,719999
crpp1,0.2,4,4,TAGCAGCCGTGCTCCGACAA,0,720106
crpp1,0.2,4,4,GTGTTTACGCAGTGTTAAGC,0,714664
crpp1,0.2,4,4,GTGCGCCTAAACCAATCTCT,0,714507
crpp1,0.2,4,4,GTGAACCATTTAGGGGAGAC,0,717045
crpp1,0.2,4,4,GTATCCAAGCATTAGCCTAA,0,717752
crpp1,0.2,4,4,GGTTCGAAGGGCGGTTTGTA,0,720092
crpp1,0.2,4,4,GGTCGCAGCGTACGCCTAGG,0,715696
crpp1,0.2,4,4,GGTAATTTCTTCCTGTCTAG,0,716647
crpp1,0.2,4,4,GGCGTAACATTGCATCTTTT,0,714188
crpp1,0.2,4,4,GGATATGTCCGACGCTTCTT,0,712620
crpp1,0.2,4,4,GCGCGGGCGAAGCTGGGTGT,0,717384
crpp1,0.2,4,4,GCCCACTTGGGTGGCTCTCG,0,712914
crpp1,0.2,4,4,GCCAAACTTCTCTCTGTTAA,0,719937
crpp1,0.2,4,4,GCAGCTGCTAGGGGAAGATC,0,721195
crpp1,0.2,4,4,GATGGGCCAACTTACGACAA,0,717912
crpp1,0.2,4,4,GAACTAACCTCACGTCCGAT,0,718518
crpp1,0.2,4,4,CTTTTCAAGGAAATTGGTCT,0,715218
crpp1,0.2,4,4,CGTTGTAACACTTCGAGAGT,0,717323
crpp1,0.2,4,4,CGAATCAGAACTGTCTGGTA,0,712870
crpp1,0.2,4,4,CCTTGGGCGTATGACCAAGG,0,712897
crpp1,0.2,4,4,CCCAGTCCCGCAGGTAGTAG,0,720626
crpp1,0.2,4,4,CACAAGCCTCCGCATGAGGT,0,713930
crpp1,0.2,4,4,ATTAAAGCCGGTACGTTCGT,0,714295
crpp1,0.2,4,4,ATCGTGATCTTCCTTCTAGC,0,712830
crpp1,0.2,4,4,ATATTTTTTGTTAACCTGAC,0,715477
crpp1,0.2,4,4,ATATGGGACATAGTGTGCCT,0,715272
crpp1,0.2,4,4,ATATGCGAAGACCTGCGAAT,0,720058
crpp1,0.2,4,4,AGGTGACTTTGAATAGATGA,0,716165
crpp1,0.2,4,4,AGGCGTCTCGCATCGCTCAC,0,718661
crpp1,0.2,4,4,AGCGAGCTCGCACCTTGACT,0,718752
crpp1,0.2,4,4,AGCAAATATTCTAAGCGACG,0,715663
crpp1,0.2,4,4,AGATAATACAAGACCAGCCT,0,721611
crpp1,0.2,4,4,ACGGCACATCTCCAAATCTA,0,715748
crpp1,0.2,4,4,ACCACTTGGTTTATAAGACA,0,714869
crpp1,0.2,4,4,ACATAGGCTATACATATGAC,0,713575
crpp1,0.2,4,4,AATTAGTTGGGGAAACGAGA,0,715069
crpp1,0.2,4,4,AATCATTGCATTTCAAATGC,0,714861
crpp1,0.2,4,4,AAGTTATAAACCTTCGATAC,0,721390
crpp1,0.2,4,4,AAGTCGATGTGCGGTGCACT,0,720256
crpp1,0.2,4,4,AAAAACTATCCATTTTCGAG,0,717532
crpp1,0.25,3,3,TTTTGGCCCACCCTTGCCGG,0,721015
crpp1,0.25,3,3,TTTCGACGTTACCTAGCGAG,0,717412
crpp1,0.25,3,3,TTGGCCATGATTCGCCACCA,0,720281
crpp1,0.25,3,3,TTCTTTTGGTAAGAGTAAAG,0,714245
crpp1,0.25,3,3,TTAGACACTTACACGCCGTT,0,719319
crpp1,0.25,3,3,TGTTGCGAGTGGACCCACAA,0,715432
crpp1,0.25,3,3,TGTTATGGGTATTTGCTCAG,0,718753
crpp1,0.25,3,3,TGGTCCTGTGGCTAGATGAT,0,719112
crpp1,0.25,3,3,TGAGGGAGCTATCACCTGCA,0,720101
crpp1,0.25,3,3,TGAAGATTTGTCGTTATGTG,0,721470
crpp1,0.25,3,3,TCTGATTTAGACCACATGAT,0,720165
crpp1,0.25,3,3,TCGATTTTGAGACTGGGGTT,0,718766
crpp1,0.25,3,3,TCCGAGCTATGCGCCTCTCA,0,715269
crpp1,0.25,3,3,TCACATAGATGCTGTGAATT,0,718382
crpp1,0.25,3,3,TATCATTTGGAGGCAGTAAG,0,720130
crpp1,0.25,3,3,TAGCCGAGTCGCCAGGTGAA,0,713007
crpp1,0.25,3,3,TAATACGGCTGCCACCGTCG,0,717297
crpp1,0.25,3,3,TAAACTCGCCATGCCGGCAG,0,714149
crpp1,0.25,3,3,GTTCTGACTGATACACGCTC,0,717367
crpp1,0.25,3,3,GTTCAAACCTTGCTTCAGGT,0,720115
crpp1,0.25,3,3,GTGGTTTGGTCTCACGACAT,0,715828
crpp1,0.25,3,3,GTGGCCCGCTTAAGCGGAGT,0,715691
crpp1,0.25,3,3,GTCCAAGGGTGCACGACAGT,0,716483
crpp1,0.25,3,3,GGTTGCAACGTATCGTGTTA,0,721074
crpp1,0.25,3,3,GGTCAAGTAGCCCTGACTTA,0,716378
crpp1,0.25,3,3,GGTAATATGTACAACTCCGG,0,717787
crpp1,0.25,3,3,GGCTCGGCCTGTACCGTTGA,0,713937
crpp1,0.25,3,3,GGCAGGTCCCATGTGTCCAA,0,717371
crpp1,0.25,3,3,GGCACCTTCTTTTACGGTGA,0,720086
crpp1,0.25,3,3,GGATAACGAGTACTGAGCTG,0,719232
crpp1,0.25,3,3,GGAGGGTCTTTGTCGCAACG,0,715907
crpp1,0.25,3,3,GCTTGGCCGAGACACGCATT,0,714175
crpp1,0.25,3,3,GCGGGGCTCGCATCTGCACT,0,715210
crpp1,0.25,3,3,GCGATCTGACAGCGTGCTGC,0,714099
crpp1,0.25,3,3,GCCCGTTACCGCGGTTGACT,0,717218
crpp1,0.25,3,3,GCAGGTGACGATTGAAGAAA,0,713217
crpp1,0.25,3,3,GATGATTAGCCACATTGGAA,0,717117
crpp1,0.25,3,3,GAGTTCGGGCTAGGCATGCT,0,719481
crpp1,0.25,3,3,GAGAAGTCCCGATCTACGCT,0,715040
crpp1,0.25,3,3,CTTTTAACCCTTGCCACAGG,0,714951
crpp1,0.25,3,3,CTTTAGGCAGGTCCAGTTCT,0,719450
crpp1,0.25,3,3,CTTGTGCGTTCGGGAATCTG,0,715413
crpp1,0.25,3,3,CTGGGGAATGAATTGGGCAT,0,715664
crpp1,0.25,3,3,CTCTGCATCAATTGTTGGTC,0,714643
crpp1,0.25,3,3,CTACTAATTAGAGTTTGTAC,0,719835
crpp1,0.25,3,3,CGTTAGCGTAATATCCGCGA,0,714549
crpp1,0.25,3,3,CGTGTCTAAATAAATTCAGC,0,718996
crpp1,0.25,3,3,CGTACTCTACTTGTTTGATA,0,716495
crpp1,0.25,3,3,CGGCTTTATGATCGGATGGA,0,715383
crpp1,0.25,3,3,CGCCGGTGACTCCTAAAATA,0,716795
crpp1,0.25,3,3,CGATTTTGGATTCTCTTTTG,0,717863
crpp1,0.25,3,3,CGATTCATTTATGCAGCTTG,0,718307
crpp1,0.25,3,3,CGAGGATGTTCTTATGATTA,0,713156
crpp1,0.25,3,3,CGACTGTCTCCATGTGAAAA,0,712917
crpp1,0.25,3,3,CGAATTAATTAGAGTCCTAT,0,715942
crpp1,0.25,3,3,CCTATTAACCTACCTGTTGT,0,718360
crpp1,0.25,3,3,CCGGGTAACCGGGTCGGGGA,0,716364
crpp1,0.25,3,3,CCCTTCGAGGACTTCGTTGA,0,720539
crpp1,0.25,3,3,CCCGTAATGTGATGAAATAT,0,716601
crpp1,0.25,3,3,CCAGGTTGAGTACTTTTAGT,0,716287
crpp1,0.25,3,3,CCAAGGCCATCGAGATTTCT,0,721170
crpp1,0.25,3,3,CAGTGTGCAGTCTTGCAGCC,0,718708
crpp1,0.25,3,3,CAGCATACCGGTCACACGAC,0,716761
crpp1,0.25,3,3,CAGATGTGAGGAGACCGGGT,0,717573
crpp1,0.25,3,3,CAGAGCTCTATCTCTCCGGT,0,721742
crpp1,0.25,3,3,CACCGATCCTCTATCATAGA,0,718572
crpp1,0.25,3,3,CACAAACAACCGGTCTTAAC,0,717047
crpp1,0.25,3,3,CAAGCACAACCTGCATCGAA,0,719802
crpp1,0.25,3,3,CAAAAGTCTTGCCTAGCACT,0,712616
crpp1,0.25,3,3,ATTATATGCATCGGAGCGAA,0,720141
crpp1,0.25,3,3,ATGTCACGGTCAGGGTCTTT,0,717149
crpp1,0.25,3,3,ATGAGCGTGCCGACGCCCAG,0,715962
crpp1,0.25,3,3,ATCTGATCGCAGTTAATGTC,0,712773
crpp1,0.25,3,3,ATCGCTAGGCTTTTGAACGG,0,717181
crpp1,0.25,3,3,ATCATTTTGAACATATATTT,0,715070
crpp1,0.25,3,3,ATATGCGTTCCCTACGCGTC,0,713072
crpp1,0.25,3,3,AGTTGTGTAGGCTTAAATAT,0,715115
crpp1,0.25,3,3,AGTTCGAAATTTGGGCTTTG,0,718940
crpp1,0.25,3,3,AGTCTACAATGTCCTTGCCC,0,721587
crpp1,0.25,3,3,AGTCGGCCGTCATATAAGTC,0,716615
crpp1,0.25,3,3,AGGGCTTTCCCTAGTACAAG,0,712461
crpp1,0.25,3,3,AGGGAGTTTGACGACCTCAC,0,718497
crpp1,0.25,3,3,AGAGGAAAGTGACGTGGAAA,0,714977
crpp1,0.25,3,3,AGAGCGACCTAAACGTGTAC,0,715989
crpp1,0.25,3,3,AGACCATTGGATACGGAGAG,0,714652
crpp1,0.25,3,3,ACTTTTGTTACGGGTTAAGA,0,715698
crpp1,0.25,3,3,ACTTCGAGCATCGGCGGTTG,0,714282
crpp1,0.25,3,3,ACTCACATGGACCTGAAACG,0,717330
crpp1,0.25,3,3,ACGTTGTTCTTCAGCATATG,0,714795
crpp1,0.25,3,3,ACGCAGATGTCCTCACTTGT,0,717963
crpp1,0.25,3,3,ACGATTACAGTCTACCTCTG,0,720321
crpp1,0.25,3,3,ACCCCTTGTAGACTACTATG,0,717903
crpp1,0.25,3,3,AATGCCATAATATTCACCAA,0,720189
crpp1,0.25,3,3,AAGGGTCCCCCCGGATTCCG,0,718650
crpp1,0.25,3,3,AACTCCGTTCCCGGGACATC,0,715837
crpp1,0.25,3,3,AACCGTGATGCGCACGAATG,0,716778
crpp1,0.25,3,3,AAAGCTACGGTTGCAGAGCT,0,721562
crpp1,0.25,3,3,AAACCTAGAACGGCTCGGAT,0,718099
crpp1,0.25,3,3,AAACAAACACTGCCATATGT,0,717429
crpp1,0.25,3,3,AAAACAATGACATTGTAGTG,0,714467
crpp1,0.3333333333333333,2,2,TTTTAGGGCCATGAAAAGCT,0,720576
crpp1,0.3333333333333333,2,2,TTTTACTGGAATTCAGCACT,0,720288
crpp1,0.3333333333333333,2,2,TTTCGTAGGGGAGCAGCATC,0,712647
crpp1,0.3333333333333333,2,2,TTTCCCAGGACCTGCCGCGG,0,717249
crpp1,0.3333333333333333,2,2,TTTACGACGTAGTTTCCGCA,0,719866
crpp1,0.3333333333333333,2,2,TTTAACCATTAACTCTTGAA,0,713502
crpp1,0.3333333333333333,2,2,TTGGAGAGCAGTATCCGCAG,0,716658
crpp1,0.3333333333333333,2,2,TTGCTTCTTTCGTAGCCCTT,0,718247
crpp1,0.3333333333333333,2,2,TTGCACAATTCCACCTAGCC,0,719135
crpp1,0.3333333333333333,2,2,TTCTCGACCCCAATAGACAC,0,718067
crpp1,0.3333333333333333,2,2,TTCTCCGCTCTCCCCGTGAT,0,714994
crpp1,0.3333333333333333,2,2,TTCTAGCGGGCAAGCGGACG,0,712662
crpp1,0.3333333333333333,2,2,TTCCGGCGCGAAACAAGGCG,0,720963
crpp1,0.3333333333333333,2,2,TTCCAATAATATGGTGGACA,0,713159
crpp1,0.3333333333333333,2,2,TTAGATACGCGCGCATGGGG,0,719690
crpp1,0.3333333333333333,2,2,TTAAATCTTTACCTCTGGGC,0,714656
crpp1,0.3333333333333333,2,2,TGGGGCCAGAGCAGTAAGCT,0,719492
crpp1,0.3333333333333333,2,2,TGCGTTTTTGTGGCTAAGTC,0,716178
crpp1,0.3333333333333333,2,2,TGCATGTAGAATTATCTCCA,0,716514
crpp1,0.3333333333333333,2,2,TGCACGTTGACAGAGGCTGT,0,721569
crpp1,0.3333333333333333,2,2,TGACGATTTAAACATAACGA,0,716158
crpp1,0.3333333333333333,2,2,TGACAACTGTCCGCCATTAT,0,717607
crpp1,0.3333333333333333,2,2,TGAACCTCTCAACCAGAGCA,0,713131
crpp1,0.3333333333333333,2,2,TGAAAGTATAATTAAAATGT,0,714676
crpp1,0.3333333333333333,2,2,TCGTTGAACATATAGGGCCT,0,712637
crpp1,0.3333333333333333,2,2,TCGCCTGCTGTGTCTGGGAT,0,714444
crpp1,0.3333333333333333,2,2,TCCTAGCCGGTGCCGAGTCC,0,719346
crpp1,0.3333333333333333,2,2,TCCGCGCAGCTGAGAGCTAA,0,719278
crpp1,0.3333333333333333,2,2,TCCATTGGTCTGTGGACGCT,0,713071
crpp1,0.3333333333333333,2,2,TCCAGGACGTACGTGTCAGG,0,717278
crpp1,0.3333333333333333,2,2,TCATAACGGGGAACAGCCGA,0,721697
crpp1,0.3333333333333333,2,2,TATGTAAGATTCACAGAAGA,0,715392
crpp1,0.3333333333333333,2,2,TATACGCCGAGAACTCATAA,0,713073
crpp1,0.3333333333333333,2,2,TAGCCAGCAACGTTGGATGG,0,716443
crpp1,0.3333333333333333,2,2,GTTTTTCAACTGTGGTTGGA,0,716275
crpp1,0.3333333333333333,2,2,GTTGCCGACCCTGTCATGGT,0,717311
crpp1,0.3333333333333333,2,2,GTGTTATATACACTTGGGCA,0,712752
crpp1,0.3333333333333333,2,2,GTGCGCGCGACGTAAAGTGG,0,714829
crpp1,0.3333333333333333,2,2,GTGCCACCCGAATGATGGCA,0,717135
crpp1,0.3333333333333333,2,2,GTGATCTCTATCAACTCCAA,0,719738
crpp1,0.3333333333333333,2,2,GTGAGGGCCAGCTTCAATCG,0,721208
crpp1,0.3333333333333333,2,2,GTCGTAACGTTTGTCACTCC,0,717564
crpp1,0.3333333333333333,2,2,GTCGCGCACACGCTTACAGT,0,714626
crpp1,0.3333333333333333,2,2,GTCGATGGTGTGAGCGTTAG,0,716092
crpp1,0.3333333333333333,2,2,GTCCCTTCCCTGATCACTGT,0,721684
crpp1,0.3333333333333333,2,2,GTCAAAGCCTGTGCCTTTGC,0,717283
crpp1,0.3333333333333333,2,2,GTATAGGTGGCTTTGTAGCG,0,716138
crpp1,0.3333333333333333,2,2,GTAACTACGTAGGCGGCGAC,0,717929
crpp1,0.3333333333333333,2,2,GGTGCAGTCAGTAAGTGCGT,0,719347
crpp1,0.3333333333333333,2,2,GGTCTCTAATAGTCCGTTGC,0,714283
crpp1,0.3333333333333333,2,2,GGTAGAAAGACCATAGGCTG,0,713977
crpp1,0.3333333333333333,2,2,GGTAATTCCGACCGCGCACT,0,714510
crpp1,0.3333333333333333,2,2,GGGCAACGCGTCCTACAGGT,0,720260
crpp1,0.3333333333333333,2,2,GGGATGGAACTAACAACCCA,0,713592
crpp1,0.3333333333333333,2,2,GGGAGGGTAACACACACCTT,0,718341
crpp1,0.3333333333333333,2,2,GGCTTTCTAGTGCCAGACCG,0,712868
crpp1,0.3333333333333333,2,2,GGCGGCGAGACGTTAACGAC,0,712749
crpp1,0.3333333333333333,2,2,GGCGGAAATTAACTTGGCCA,0,717653
crpp1,0.3333333333333333,2,2,GGACATCTGCATCACCGTTT,0,713306
crpp1,0.3333333333333333,2,2,GGAATGTGTGCGAGGCCTTA,0,712563
crpp1,0.3333333333333333,2,2,GGAATCCGGTGGCTCAGATT,0,720689
crpp1,0.3333333333333333,2,2,GCGATGCTCGGAGATGCTCT,0,721277
crpp1,0.3333333333333333,2,2,GCGAAGCAAAGGTAGGGCCT,0,714622
crpp1,0.3333333333333333,2,2,GCCTTCGGCCATTACATATA,0,717449
crpp1,0.3333333333333333,2,2,GCCGGCGCCTCGTCCCCTCA,0,719769
crpp1,0.3333333333333333,2,2,GCAGGTAAAGAGGATAGTAA,0,713660
crpp1,0.3333333333333333,2,2,GCAGGCCTAATATTCGCCGG,0,718040
crpp1,0.3333333333333333,2,2,GCAGGACACTCATGGTTGTG,0,717980
crpp1,0.3333333333333333,2,2,GCACTGTGGCTTTGCGGGGT,0,719285
crpp1,0.3333333333333333,2,2,GCACGATATTTCAAGGGAAA,0,719036
crpp1,0.3333333333333333,2,2,GCACGAGAATCAAAGACGAC,0,718271
crpp1,0.3333333333333333,2,2,GCACCGACTGCCTCTGGTCG,0,715762
crpp1,0.3333333333333333,2,2,GCAATGCCGGATCCGGCTGC,0,719824
crpp1,0.3333333333333333,2,2,GATTTACGCCTCCGTACCAT,0,718470
crpp1,0.3333333333333333,2,2,GATGCACAAACCCGGGGACA,0,713890
crpp1,0.3333333333333333,2,2,GATAGTAAGTCTAGGCAGCT,0,718124
crpp1,0.3333333333333333,2,2,GATAAGCCCAATCTAGATGC,0,712504
crpp1,0.3333333333333333,2,2,GATAAACCATCATGACCATT,0,719220
crpp1,0.3333333333333333,2,2,GACCAAGTAGGGTTAGGCAA,0,714251
crpp1,0.3333333333333333,2,2,GACACGGTCCATACCGATGG,0,721273
crpp1,0.3333333333333333,2,2,GAATCCTCACTAAGTTTCGA,0,714758
crpp1,0.3333333333333333,2,2,GAAGGGCGCAAGTTGCACTT,0,717415
crpp1,0.3333333333333333,2,2,GAAGCGATGCATCCTACTCG,0,719542
crpp1,0.3333333333333333,2,2,GAACTTGAACTCAATTCCAG,0,719480
crpp1,0.3333333333333333,2,2,GAACAGAGGGCGTACGCTCC,0,716555
crpp1,0.3333333333333333,2,2,CTTTTGTTACCAGGATACGA,0,713585
crpp1,0.3333333333333333,2,2,CTTGATAATGGAAAGTCAGT,0,714249
crpp1,0.3333333333333333,2,2,CTTCAGTCTCACCGCGGACC,0,714653
crpp1,0.3333333333333333,2,2,CTTAGAATACGTACCCGTGC,0,714119
crpp1,0.3333333333333333,2,2,CTTACCGTATGGCATTAAGG,0,714597
crpp1,0.3333333333333333,2,2,CTCTGAGCAGGGCATCGAAA,0,720594
crpp1,0.3333333333333333,2,2,CTCGCCCTAAACCCTGAGAA,0,721568
crpp1,0.3333333333333333,2,2,CTCCAGCCGCTCGAATGGCT,0,717976
crpp1,0.3333333333333333,2,2,CTACCTTTGGACTAACCGTT,0,712561
crpp1,0.3333333333333333,2,2,CTAAACCTCCGGCACGTCAC,0,719740
crpp1,0.3333333333333333,2,2,CGTTTTTAGATACAGATTAG,0,717472
crpp1,0.3333333333333333,2,2,CGTGTCACTTATCGGCAAAG,0,717843
crpp1,0.3333333333333333,2,2,CGTACCGTAACATCACAGGT,0,720013
crpp1,0.3333333333333333,2,2,CGTAAAATCGGTCCGTTTAT,0,715755
crpp1,0.3333333333333333,2,2,CGGGGCGCCCGAGACAAGTG,0,712907
crpp1,0.3333333333333333,2,2,CGGCGCTCCTTATTCGCCGC,0,719611
crpp1,0.3333333333333333,2,2,CGACGCCGACGCGCATACTT,0,718039
crpp1,0.3333333333333333,2,2,CGAAGCTGTTGAGACTGCCT,0,713677
crpp1,0.3333333333333333,2,2,CCTGAACTGGCTTCTGGTCA,0,714729
crpp1,0.3333333333333333,2,2,CCTACTGTCAGGCGTTACGC,0,714377
crpp1,0.3333333333333333,2,2,CCGAGTTTCGCGGTGGTTCT,0,721325
crpp1,0.3333333333333333,2,2,CCCTTTCAGGGCGACTCATG,0,714631
crpp1,0.3333333333333333,2,2,CCCTAAGCCTGGCAGAAAGA,0,716085
crpp1,0.3333333333333333,2,2,CCCCTTTCTCGGGACCCTAT,0,712483
crpp1,0.3333333333333333,2,2,CCCCGTTTAGACCTTGATCT,0,717252
crpp1,0.3333333333333333,2,2,CCCCGGCGTACTCCCGCCTG,0,720528
crpp1,0.3333333333333333,2,2,CCCATAAGGCCGGCTTAAAC,0,712580
crpp1,0.3333333333333333,2,2,CCATGTACGGGTGTAAACTC,0,715228
crpp1,0.3333333333333333,2,2,CCATGGCATCGTCCGGTCGG,0,713017
crpp1,0.3333333333333333,2,2,CCACGGGTAAGTACGTTCAA,0,717356
crpp1,0.3333333333333333,2,2,CATAATCTTAGTGCGTCCAC,0,717475
crpp1,0.3333333333333333,2,2,CAGTTTGTCGAACGTACCTG,0,717664
crpp1,0.3333333333333333,2,2,CAGGTCATAGGAAGACCAAC,0,716330
crpp1,0.3333333333333333,2,2,CAGGCGTTGGGGAGAGCTCA,0,713480
crpp1,0.3333333333333333,2,2,CAGCCTTGATTTCGTATAAG,0,714159
crpp1,0.3333333333333333,2,2,CACCTATTTAGCAATGTGGC,0,718285
crpp1,0.3333333333333333,2,2,CACCGGGCGAGTAACCCTGC,0,714390
crpp1,0.3333333333333333,2,2,CACATCGCCCTGGCTAGGCC,0,715990
crpp1,0.3333333333333333,2,2,CAACTGCCGCCACGGCCTCA,0,717127
crpp1,0.3333333333333333,2,2,ATTTTTATGAGTGGGGCGAC,0,716397
crpp1,0.3333333333333333,2,2,ATTCGCACAAATAGCCACAT,0,719395
crpp1,0.3333333333333333,2,2,ATTCACGTTACAACAGGTAG,0,715516
crpp1,0.3333333333333333,2,2,ATCTGCGCAACCTACCTGAA,0,716671
crpp1,0.3333333333333333,2,2,ATCATTAGAATGGGAGTGCT,0,718093
crpp1,0.3333333333333333,2,2,ATACGCGTTTCACTTCTCGG,0,713908
crpp1,0.3333333333333333,2,2,ATAATAGTATGTTTGCTTTT,0,712918
crpp1,0.3333333333333333,2,2,AGTCCGCGGGGTATGGAGAT,0,718337
crpp1,0.3333333333333333,2,2,AGTCCCCACTGATCACAGAC,0,715514
crpp1,0.3333333333333333,2,2,AGTCAGTCTAGTAACGTTCA,0,719111
crpp1,0.3333333333333333,2,2,AGGTGAGATATCTCCTTGCA,0,716103
crpp1,0.3333333333333333,2,2,AGGGTCGCATAAAGCTCCGT,0,719922
crpp1,0.3333333333333333,2,2,AGGCGCCAATAATCGGGGTT,0,715987
crpp1,0.3333333333333333,2,2,AGGACCAGAAATCCTAAACC,0,721773
crpp1,0.3333333333333333,2,2,AGCTAGCCGCAATCTCGCCA,0,718709
crpp1,0.3333333333333333,2,2,AGATCTTCCGCTTCCGCTGG,0,716400
crpp1,0.3333333333333333,2,2,AGAAGATTAAGATGCGGACG,0,713606
crpp1,0.3333333333333333,2,2,ACTTCTCAGTTCGTGATCGG,0,715645
crpp1,0.3333333333333333,2,2,ACTGGGATTTGGCCCTCAGG,0,719768
crpp1,0.3333333333333333,2,2,ACTCTCGGCGGCGGCCAGCG,0,717949
crpp1,0.3333333333333333,2,2,ACTCGGTGGTCTGCAGTGAG,0,719153
crpp1,0.3333333333333333,2,2,ACTCCGTAACTCGTTCTACC,0,721420
crpp1,0.3333333333333333,2,2,ACGTCAACATTGAAATAGGT,0,718727
crpp1,0.3333333333333333,2,2,ACGAGTCGGTTGTTCATTTA,0,718144
crpp1,0.3333333333333333,2,2,ACGAGGTTCTCGTCGAATTC,0,713273
crpp1,0.3333333333333333,2,2,ACCGTATTTTATCTAGCTTG,0,718512
crpp1,0.3333333333333333,2,2,ACCGCTTGTACCCGAAGCAA,0,720859
crpp1,0.3333333333333333,2,2,ACATTAACAGTACGGGGGCA,0,714273
crpp1,0.3333333333333333,2,2,ACACTGTAACTTAGAGCCCA,0,712476
crpp1,0.3333333333333333,2,2,ACACGCGTTCGCGGGGTTGC,0,715113
crpp1,0.3333333333333333,2,2,AAGTATGCAACGTGCTGTAG,0,720826
crpp1,0.3333333333333333,2,2,AAGGTCGTATCGGCTTTAGC,0,718877
crpp1,0.3333333333333333,2,2,AAGCGACCACTCCCGCCAAA,0,715854
crpp1,0.3333333333333333,2,2,AAGCAAACGAAAGCAATATT,0,713150
crpp1,0.3333333333333333,2,2,AAGAACGTGTGCCGCTCTGA,0,718129
crpp1,0.3333333333333333,2,2,AACTTCCCAACCGGCCAGAG,0,719713
crpp1,0.3333333333333333,2,2,AACGGGTGTGTGTGTGAGGC,0,714206
crpp1,0.3333333333333333,2,2,AACAAATGGGTATCGTACTA,0,713015
crpp1,0.3333333333333333,2,2,AAAGGTTGCCGCGCCACAGC,0,713995
crpp1,0.3333333333333333,2,2,AAAGCCCGCATCGGGCCGGA,0,712750
crpp1,0.3333333333333333,2,2,AAAGAGCTCGAGTTCTGAGG,0,717465
crpp1,0.5,1,1,TTTTTTCGCGGGTTCTTGTT,0,713450
crpp1,0.5,1,1,TTTTTGAGGCTAAGGAGTTC,0,715816
crpp1,0.5,1,1,TTTTTAATTACTTGTGTCCA,0,714196
crpp1,0.5,1,1,TTTTAAATTTGGACTGGGAC,0,718755
crpp1,0.5,1,1,TTTCTCATAGATAGCTGCGG,0,715915
crpp1,0.5,1,1,TTTCGTAGGCCCGAAATCGG,0,713865
crpp1,0.5,1,1,TTTCGCCTATTGAACCTGGA,0,719207
crpp1,0.5,1,1,TTTCATAGAGTTTGTCCGTG,0,712909
crpp1,0.5,1,1,TTTACGTTGTAATCACATAT,0,718309
crpp1,0.5,1,1,TTTACGTGGATCCCGGACGT,0,720202
crpp1,0.5,1,1,TTGTTTGTAACAGGGACCCT,0,715892
crpp1,0.5,1,1,TTGTCACGCGATTAAGCAGG,0,714793
crpp1,0.5,1,1,TTGGTGGCCTTCAAACCTAA,0,717796
crpp1,0.5,1,1,TTGGGTCGATAGCGGGTGGG,0,714128
crpp1,0.5,1,1,TTGGGGGCAGACGAGTCGCT,0,717208
crpp1,0.5,1,1,TTGGCGCGATAGGGCGTGAT,0,714699
crpp1,0.5,1,1,TTGGAAGTTATACATCCTTA,0,719569
crpp1,0.5,1,1,TTGCACAACGTGTTGCGTGA,0,712996
crpp1,0.5,1,1,TTGAGAAGGTGATAAAATAA,0,721119
crpp1,0.5,1,1,TTCGGGCGGGCTTGATCGAC,0,714073
crpp1,0.5,1,1,TTCCAATGAAGAAGAGTAAT,0,720592
crpp1,0.5,1,1,TTCAGAGCAGTATGTATTGT,0,720607
crpp1,0.5,1,1,TTATCGGATTTGACTTATCA,0,715412
crpp1,0.5,1,1,TTAGCTACCCTACTTTTTAT,0,715373
crpp1,0.5,1,1,TTAATTTCCAGCATCATCAG,0,713137
crpp1,0.5,1,1,TGTTTTCCTTCAACGAACTG,0,712858
crpp1,0.5,1,1,TGTGGGTTATCCCCGTACCC,0,718694
crpp1,0.5,1,1,TGTCATATACTTTTATAACT,0,713515
crpp1,0.5,1,1,TGTAGCGTATACCACTTGGG,0,721529
crpp1,0.5,1,1,TGTACTTGGCCGCCAAATTT,0,721469
crpp1,0.5,1,1,TGGTCTATCAGAGAGACCCG,0,716541
crpp1,0.5,1,1,TGGTATATGAGAATTCTCAA,0,719365
crpp1,0.5,1,1,TGGTAGCGAAGACCTTTATC,0,713840
crpp1,0.5,1,1,TGGGATATGAGGCGGGGCAG,0,713363
crpp1,0.5,1,1,TGGGAAGTAGTATACACCAA,0,716181
crpp1,0.5,1,1,TGCGGACCTATCGGGTTGGT,0,712820
crpp1,0.5,1,1,TGCGCTGAGGATGCACTTTC,0,712919
crpp1,0.5,1,1,TGCCGGACCAATGGGGGCGT,0,713944
crpp1,0.5,1,1,TGCCGCACCAAGGCATCGAG,0,718532
crpp1,0.5,1,1,TGCACTCGTTACTAACCTCT,0,720008
crpp1,0.5,1,1,TGATGGCGCACAGTGAGATT,0,719453
crpp1,0.5,1,1,TGATCTGTTCAACTTGATGA,0,713743
crpp1,0.5,1,1,TGATAGCAAACCGGCACTGA,0,719949
crpp1,0.5,1,1,TGAGTAGAGAGCGCATACCA,0,717255
crpp1,0.5,1,1,TGAGACAGGCCACACCCGGG,0,715256
crpp1,0.5,1,1,TGAGAATCTGAAGAGGGTTA,0,714691
crpp1,0.5,1,1,TGACTGCGGTCCGGAAGTTC,0,713173
crpp1,0.5,1,1,TGACTCTGCTTTCGGGCAAA,0,712685
crpp1,0.5,1,1,TGACATAGGTGAGGCAGTAC,0,720138
crpp1,0.5,1,1,TGACACTCCTCGTATAGTAG,0,716822
crpp1,0.5,1,1,TGAATAATGGACCTGAGCTT,0,713184
crpp1,0.5,1,1,TCTGTTAGGATATTTTCTGG,0,716259
crpp1,0.5,1,1,TCTGGGACGCACACGCCCAA,0,714633
crpp1,0.5,1,1,TCTATGCCTGTTTTGGGGTG,0,714550
crpp1,0.5,1,1,TCGTATGGATTCGGGGCAAT,0,715350
crpp1,0.5,1,1,TCGGGGGCAAATGCCGCTCG,0,717137
crpp1,0.5,1,1,TCGGGAGATATATAACACGG,0,713188
crpp1,0.5,1,1,TCGAATCTGTGGCGCAGTAC,0,716067
crpp1,0.5,1,1,TCGAAGGACGCAATATATGT,0,713178
crpp1,0.5,1,1,TCCGCGGCATCCCGTAGGGT,0,717213
crpp1,0.5,1,1,TCACGTAGGGACTACATCGT,0,712859
crpp1,0.5,1,1,TCAAGTATATTTGCAACATA,0,720677
crpp1,0.5,1,1,TCAACTGGACAGCCCTCGTC,0,719521
crpp1,0.5,1,1,TATTCGGGTCTCTACCTATT,0,715246
crpp1,0.5,1,1,TATCCTGAGTTGTAGCCGAA,0,714024
crpp1,0.5,1,1,TATATCAATCCTACGAGGTA,0,713175
crpp1,0.5,1,1,TATAGATCAGGCAGGTGTGC,0,718533
crpp1,0.5,1,1,TAGCTGAATCACAAGCACTA,0,717823
crpp1,0.5,1,1,TAGCTCGTGTATGTGTGGTG,0,714754
crpp1,0.5,1,1,TAGAGCCACAACGGTGTCAG,0,717153
crpp1,0.5,1,1,TACTATGCGAGGCAACGCGA,0,718489
crpp1,0.5,1,1,TACGGGATGTATTAGGCGAG,0,714874
crpp1,0.5,1,1,TACGGACAGGTACGGCTTGT,0,715110
crpp1,0.5,1,1,TACCCGGTATTCTTTCGTCA,0,713364
crpp1,0.5,1,1,TACCAATTTGAACTGTGCAT,0,714060
crpp1,0.5,1,1,TACACTCCATTTGTTGTTCT,0,716802
crpp1,0.5,1,1,TACACGGTGATCTCTAGTGT,0,715745
crpp1,0.5,1,1,TAATAAGCATGCCGGGACCC,0,720185
crpp1,0.5,1,1,TAAATTACAATGCGCGTTAC,0,719073
crpp1,0.5,1,1,TAAAGGTAGGCTTGCACTGT,0,717369
crpp1,0.5,1,1,GTTCGCAATGGGGCATACCA,0,712546
crpp1,0.5,1,1,GTTACTTACCGACCCGGCTT,0,720063
crpp1,0.5,1,1,GTGTTAAGGGAAAAAGTTTA,0,717867
crpp1,0.5,1,1,GTGGTTTCGATATAGCGTGT,0,716391
crpp1,0.5,1,1,GTGGGTGTCTTTGCAACCGC,0,712732
crpp1,0.5,1,1,GTGGGGACTAAGGCTCCTCC,0,714791
crpp1,0.5,1,1,GTGGGGAATGTACGAATTAG,0,716284
crpp1,0.5,1,1,GTGGGCTTTTATAAGTAAGA,0,719873
crpp1,0.5,1,1,GTGGGAGGTGCGCAGTCCCA,0,717898
crpp1,0.5,1,1,GTGGCTTTGGCCCAGCCCCC,0,718034
crpp1,0.5,1,1,GTGGCGGATGGCCATCCCTA,0,716447
crpp1,0.5,1,1,GTGGACGTTTCTGTGTGGTG,0,720550
crpp1,0.5,1,1,GTGCTTACCGCCCTATAAAC,0,712737
crpp1,0.5,1,1,GTGCACTCAGGTACCACTGA,0,720904
crpp1,0.5,1,1,GTCTGTTTTGAAAGACTATG,0,714920
crpp1,0.5,1,1,GTCGGAGATGACTGTCGTTA,0,715006
crpp1,0.5,1,1,GTCCCCGGAAATGCTGCACT,0,716162
crpp1,0.5,1,1,GTCCATACCTACAGATCACT,0,716511
crpp1,0.5,1,1,GTATTGCCGAAAGGGAATAT,0,719627
crpp1,0.5,1,1,GTAGCCCGTAAGATTCACGA,0,713968
crpp1,0.5,1,1,GTACCACGGCGTAAGCGTTT,0,720945
crpp1,0.5,1,1,GGTTGCCTGCCATCGAGTCA,0,713858
crpp1,0.5,1,1,GGTTCATCTGTTAGGAAATG,0,717196
crpp1,0.5,1,1,GGTTATGCTGGCACCCTCCT,0,715071
crpp1,0.5,1,1,GGTTAAGGGTGAGATGTCTT,0,716829
crpp1,0.5,1,1,GGTGAGCTTAGTCGCGGTAA,0,713283
crpp1,0.5,1,1,GGTCTGGCTCACGCTGAGCC,0,713424
crpp1,0.5,1,1,GGTCGTGCAAGTTAATCGGA,0,718335
crpp1,0.5,1,1,GGGTTGTTTTTTCCACGTTC,0,717775
crpp1,0.5,1,1,GGGGTCCTTTGAATTAAGCT,0,715678
crpp1,0.5,1,1,GGGGGAGTTAACGCTTCCGA,0,719841
crpp1,0.5,1,1,GGGGAGGCCGGCGTAATACA,0,713630
crpp1,0.5,1,1,GGGCACGGGCCTTCAGAAAG,0,713081
crpp1,0.5,1,1,GGGAAGGTATTTGCGTGAAC,0,713785
crpp1,0.5,1,1,GGCTTAAGGGCTTTTTCGGG,0,716954
crpp1,0.5,1,1,GGCTCTTTTCGGTAGAGCGA,0,712706
crpp1,0.5,1,1,GGCGCTTTTATCTAGTGGTA,0,717215
crpp1,0.5,1,1,GGAGGCCCGCGTCCGTTTTC,0,719002
crpp1,0.5,1,1,GGAGCGCACGCGAGCCATGC,0,721105
crpp1,0.5,1,1,GGAAGCGCTAAGTTACACGC,0,714053
crpp1,0.5,1,1,GGAAAGTGGCTACTATTGAT,0,713749
crpp1,0.5,1,1,GGAAAGCTATTGGATATCCT,0,720924
crpp1,0.5,1,1,GCTTCCACCCTCTGGACTCA,0,720452
crpp1,0.5,1,1,GCGTTCTATTGATAGCTGTA,0,720265
crpp1,0.5,1,1,GCGGGATCAGATCTTCGCGC,0,721766
crpp1,0.5,1,1,GCGCTTTGCGTGAACGGTAA,0,718213
crpp1,0.5,1,1,GCGCTCACAGAGTGACCAGT,0,719067
crpp1,0.5,1,1,GCGCGACCAGTATAGTGTGT,0,715074
crpp1,0.5,1,1,GCCTCGACGCGCGTACAGGA,0,715036
crpp1,0.5,1,1,GCCGTACACGTTCATCGTTA,0,719890
crpp1,0.5,1,1,GCCAAGGGGTGATCGGAGAC,0,715859
crpp1,0.5,1,1,GCATTTCGGTCTAGAAATGG,0,713473
crpp1,0.5,1,1,GCATACTACACCCACAGATA,0,714628
crpp1,0.5,1,1,GCACTGGTGGCAGTGTCATG,0,713852
crpp1,0.5,1,1,GCACGACAACTGGCTTGGTA,0,717066
crpp1,0.5,1,1,GCACCCAACTTTTATAATCT,0,714796
crpp1,0.5,1,1,GCAAAATAGATTCTTTTACA,0,719871
crpp1,0.5,1,1,GATTAGGTCGAGCGGTCACG,0,720166
crpp1,0.5,1,1,GATCACGTCTTGTTCTTAAA,0,713894
crpp1,0.5,1,1,GATAGGATACGAGTCCCACG,0,716953
crpp1,0.5,1,1,GATACATCACCGGCGTTTGT,0,718123
crpp1,0.5,1,1,GATACAGTGAAAACGGTCTA,0,716211
crpp1,0.5,1,1,GAGTCTTGAAGACAGATAAG,0,715884
crpp1,0.5,1,1,GAGGAGTAAAAGGTGTCAAG,0,715381
crpp1,0.5,1,1,GAGGAGATCAGGAGAGGGAT,0,715354
crpp1,0.5,1,1,GACTGGGCGCTGAAGGAGTT,0,713758
crpp1,0.5,1,1,GACATTTGGATCCTTCTAGA,0,718834
crpp1,0.5,1,1,GACACTCGCGGGCTTCAATA,0,718291
crpp1,0.5,1,1,GAATCAAGTCAAAAACTGGG,0,718928
crpp1,0.5,1,1,GAAGGCCCGAGTGTCAGATC,0,721752
crpp1,0.5,1,1,GAAGAGAATGGGGCGATTAC,0,716351
crpp1,0.5,1,1,GAAGACCTAAACGCCATATG,0,714919
crpp1,0.5,1,1,GAACGTATTAGGGTATACAT,0,720541
crpp1,0.5,1,1,CTTTTTTACGACATACTTAT,0,719767
crpp1,0.5,1,1,CTTATTCATATCAGTCGGCT,0,719889
crpp1,0.5,1,1,CTGTGTTAGTTATCAGCAAT,0,721626
crpp1,0.5,1,1,CTGGTTTTACTAACAATGCG,0,714364
crpp1,0.5,1,1,CTGGGACATGTTTGGGCTAG,0,712581
crpp1,0.5,1,1,CTGCTCATAAGGTCTACGAG,0,720437
crpp1,0.5,1,1,CTGCGTTTAAGCAGCTATAG,0,719825
crpp1,0.5,1,1,CTCGTTCGCTTCGGGCGGGA,0,716366
crpp1,0.5,1,1,CTCCTAAATTGGTGCACAAG,0,720357
crpp1,0.5,1,1,CTCCCCCGGTCAGTTCACGA,0,718972
crpp1,0.5,1,1,CTCAGTTGGAAGGTGGACCG,0,718477
crpp1,0.5,1,1,CTCAAGTCGCCTTCCTCTGG,0,714761
crpp1,0.5,1,1,CTATGCGTTCTACAGTAGCT,0,719612
crpp1,0.5,1,1,CTATCAAATTTATTCGGTTT,0,719979
crpp1,0.5,1,1,CTATAGTTATGAGGGTTTCT,0,714328
crpp1,0.5,1,1,CTACACATCCGGTGGAACCC,0,715785
crpp1,0.5,1,1,CGTTGTATGTGTGGGCGTGA,0,715813
crpp1,0.5,1,1,CGTGACTCTGTGGCTGACGA,0,719337
crpp1,0.5,1,1,CGTCCACGGAAGATTCGGTG,0,713172
crpp1,0.5,1,1,CGTAGTCGAACACAGCATGA,0,715908
crpp1,0.5,1,1,CGTACAATGCTTCCGTTCAG,0,720183
crpp1,0.5,1,1,CGTAATAGTTCAACCGCAAC,0,713574
crpp1,0.5,1,1,CGGTGCAAGTACTGCTTTAC,0,715616
crpp1,0.5,1,1,CGGTCCAATTTCCGGGCACT,0,718249
crpp1,0.5,1,1,CGGTCAGACGAACAGGCCAT,0,714785
crpp1,0.5,1,1,CGGGGGACTTAGGTCAGCAG,0,713183
crpp1,0.5,1,1,CGGGGAGACTACCCGCTCGC,0,717728
crpp1,0.5,1,1,CGGGAAGCATACGGCCGGGA,0,719657
crpp1,0.5,1,1,CGGCTGGCGGGGGAAAGGTA,0,716299
crpp1,0.5,1,1,CGGCTCTTGGCAACGCATTG,0,713918
crpp1,0.5,1,1,CGGAGCAAGTACGGTGAAGT,0,719192
crpp1,0.5,1,1,CGGAAGCCTGAGTTTGATAA,0,716134
crpp1,0.5,1,1,CGCGTTAGGTTATGGTCGGG,0,719730
crpp1,0.5,1,1,CGCGGAAGGACTCAGGAGGA,0,713351
crpp1,0.5,1,1,CGCGACAGCCACAGTACATA,0,716527
crpp1,0.5,1,1,CGCCGGACGGTTTTCTAATG,0,717694
crpp1,0.5,1,1,CGCCCGTTCAGAATCCTTAG,0,719576
crpp1,0.5,1,1,CGCCCACTTGGTTTGTGTCA,0,715595
crpp1,0.5,1,1,CGCCATGTGTTAACAGAGCA,0,713023
crpp1,0.5,1,1,CGCAACTATTGATTCAATGC,0,718100
crpp1,0.5,1,1,CGCAACGGTAACCCCGGGCT,0,712890
crpp1,0.5,1,1,CGATGGAATTGTTAAATCGG,0,714227
crpp1,0.5,1,1,CGATCGCAAAGGCTGGCTTA,0,717365
crpp1,0.5,1,1,CGATCCGGAGGAGCGGCTTG,0,720062
crpp1,0.5,1,1,CGAGGACCGTCGAAATTTAC,0,713135
crpp1,0.5,1,1,CGACACGTGGACAAGACGTC,0,720462
crpp1,0.5,1,1,CGAATGATCCAATCCCTCGC,0,717146
crpp1,0.5,1,1,CGAATATGTCGGTCTCGCGA,0,714973
crpp1,0.5,1,1,CGAAGTGGTGCACGGTGAGG,0,718435
crpp1,0.5,1,1,CCTTCGGTGACCAATTTTCG,0,719152
crpp1,0.5,1,1,CCTGGCGCACAGGTAAGCGT,0,720147
crpp1,0.5,1,1,CCGTGGCTCTAGCGAGTTTT,0,716076
crpp1,0.5,1,1,CCGTCATATCGCTTGGGGTT,0,712808
crpp1,0.5,1,1,CCGGGCCGTGAGTGGGGATG,0,721792
crpp1,0.5,1,1,CCGGGCAGGACCAATTAGAT,0,717528
crpp1,0.5,1,1,CCGGGACTACGCTTGTTGCG,0,720691
crpp1,0.5,1,1,CCCTTGGTAGGGGGCCGTTA,0,720104
crpp1,0.5,1,1,CCCTGTATCTGGGGGAATCT,0,713664
crpp1,0.5,1,1,CCCTCCCTGCCCTGGCTGCG,0,718273
crpp1,0.5,1,1,CCCCTCGCCCTCCCCGAGAC,0,714479
crpp1,0.5,1,1,CCCAGGAACGCCTGACATAC,0,715753
crpp1,0.5,1,1,CCATGTCACACACACGCTAT,0,714797
crpp1,0.5,1,1,CCATAACACTAAATTAGCAA,0,718334
crpp1,0.5,1,1,CATTGCGAAGGGACGCCGAA,0,721655
crpp1,0.5,1,1,CATTAGCCTAATACTAGCAA,0,718292
crpp1,0.5,1,1,CATCGCGTGGAGTCACCGGC,0,721581
crpp1,0.5,1,1,CATCGCCCGCGCACGCTCAC,0,713898
crpp1,0.5,1,1,CATCACCGCGAGGGAATGCC,0,720851
crpp1,0.5,1,1,CATCAATATGTCAGCACCAC,0,712479
crpp1,0.5,1,1,CATATCAGAGCGGCGAAGGA,0,717291
crpp1,0.5,1,1,CAGGTGCTCTTTAACAGTAC,0,716053
crpp1,0.5,1,1,CAGGTGAGCGCCGGGCCATA,0,712745
crpp1,0.5,1,1,CAGGCGAACACAGCAGATTG,0,720812
crpp1,0.5,1,1,CAGCGCGGTCGTGCTTACAC,0,717944
crpp1,0.5,1,1,CAGATGGGTGGTAATGTCGT,0,719974
crpp1,0.5,1,1,CAGAACTAGCTGCCCCAGTA,0,719482
crpp1,0.5,1,1,CACTGGCAATGCCCTAACTT,0,720529
crpp1,0.5,1,1,CACGACTCGGACATATACGT,0,715508
crpp1,0.5,1,1,CACCTGAGGCCGCCAACCCC,0,713374
crpp1,0.5,1,1,CAATTCTTTCGTCCATGGCA,0,713266
crpp1,0.5,1,1,CAATTATGACTATTAACGCA,0,714899
crpp1,0.5,1,1,CAATGCTTTAGGTGAAACAA,0,718125
crpp1,0.5,1,1,CAAGTTTTTGGTAAATTCCA,0,716508
crpp1,0.5,1,1,CAACAGCCGTGGACCGGGTT,0,715988
crpp1,0.5,1,1,CAAAGCTGTCGCCTCACAGC,0,721164
crpp1,0.5,1,1,ATTCTGATCGTAACACTAAA,0,718987
crpp1,0.5,1,1,ATTCGTAAGGTCTACCCTTA,0,718920
crpp1,0.5,1,1,ATGTTGGGGCCTAACTACGA,0,721480
crpp1,0.5,1,1,ATGTATTGTCCAGATGAGTT,0,718912
crpp1,0.5,1,1,ATGCGGAACTCCTGATGTAG,0,721205
crpp1,0.5,1,1,ATCGTGATAGGCTATAGCCG,0,714702
crpp1,0.5,1,1,ATCCGTAGGGTTGGCTTGGA,0,719472
crpp1,0.5,1,1,ATCCGCGTTGTTGTCATCGT,0,716352
crpp1,0.5,1,1,ATCCCTAGAGTTGTCTATCC,0,715064
crpp1,0.5,1,1,ATCCCCACATAATGAGCAGG,0,715448
crpp1,0.5,1,1,ATCCAGGGTGCATAGATTGC,0,717144
crpp1,0.5,1,1,ATCACTCTTGTCAGTCGTTG,0,720020
crpp1,0.5,1,1,ATAGTACGTAACACTCCGGA,0,713919
crpp1,0.5,1,1,ATAGCTGAGATACATTACGC,0,720616
crpp1,0.5,1,1,ATAGCACCGACGGGTAGGGG,0,712727
crpp1,0.5,1,1,ATACCCCCCCAATCGGGCAT,0,719116
crpp1,0.5,1,1,ATACCACTGCGTCTGTGGTC,0,720706
crpp1,0.5,1,1,ATACATGTTGGACAAATCCG,0,720588
crpp1,0.5,1,1,ATACACGGATGTCGTCGTTT,0,713151
crpp1,0.5,1,1,ATAATCTAAGTGGAAGTCCT,0,717132
crpp1,0.5,1,1,ATAAGAACCGGCATGGCTAC,0,718761
crpp1,0.5,1,1,ATAACATCTCTCTTGAGCTA,0,720238
crpp1,0.5,1,1,AGTGGGTCGTAGAAGGTCGC,0,719279
crpp1,0.5,1,1,AGTGGGCCGTAGTAGGACCA,0,716989
crpp1,0.5,1,1,AGTGACCAGACGGACGTATT,0,718376
crpp1,0.5,1,1,AGTCGCTAGGCTGTGGCTTC,0,717992
crpp1,0.5,1,1,AGTAGTATATTGTATACGCC,0,717292
crpp1,0.5,1,1,AGTAGCCACAATATCAATAT,0,715838
crpp1,0.5,1,1,AGGTGGTACGGGAATATGTT,0,713313
crpp1,0.5,1,1,AGGTGCCGGAATCCGTAGTG,0,720457
crpp1,0.5,1,1,AGGTAAAATTGAGTATCGAC,0,713062
crpp1,0.5,1,1,AGGGTCTGGTATGGGCTACC,0,716157
crpp1,0.5,1,1,AGGGTCGCCTACGGATAGCC,0,713464
crpp1,0.5,1,1,AGGGGTGATCTATGCCGGGT,0,719045
crpp1,0.5,1,1,AGGGAACCCGGATTATTTAT,0,717416
crpp1,0.5,1,1,AGGCGCACGTGTGGGTAGAA,0,716059
crpp1,0.5,1,1,AGGCCATACCCGATACTCGT,0,715688
crpp1,0.5,1,1,AGGCCAGTGAGCGCAGGTGC,0,714007
crpp1,0.5,1,1,AGGCAAGGGCAAAGAGATTG,0,720543
crpp1,0.5,1,1,AGCTGAGAAATTAGTACCTT,0,715689
crpp1,0.5,1,1,AGCTCCCTACACCCATTGAG,0,713153
crpp1,0.5,1,1,AGCGTGGCTAGTTACGAAGC,0,714071
crpp1,0.5,1,1,AGCGTAGGTTAGAGGGTAAG,0,715372
crpp1,0.5,1,1,AGCGCCCTTAAAATGGTTGA,0,713826
crpp1,0.5,1,1,AGCCTCGGTATTGGCGTTGC,0,717200
crpp1,0.5,1,1,AGCCAATTAAGTTTGTCCAT,0,719031
crpp1,0.5,1,1,AGCATTTTCATATGGCATTG,0,721803
crpp1,0.5,1,1,AGCAGACATTAGTGGAAAGA,0,716942
crpp1,0.5,1,1,AGATCGTGTCCCTCCCCGTG,0,717526
crpp1,0.5,1,1,AGAGTGACATTCAACGGTGT,0,713049
crpp1,0.5,1,1,AGAGGCAGCTCCTTCTCGCC,0,717428
crpp1,0.5,1,1,AGACTCTGACGTTCGCGGCA,0,717934
crpp1,0.5,1,1,AGACCGGCCGAAAGAGTGAA,0,721502
crpp1,0.5,1,1,AGACCCAGGTTAAGAGGCGG,0,714587
crpp1,0.5,1,1,AGACATACCAGCGTCGAGAC,0,719722
crpp1,0.5,1,1,AGACAGTCGAGAGCGATGCG,0,717333
crpp1,0.5,1,1,AGAAGAAGTACGTAGTAACT,0,714655
crpp1,0.5,1,1,ACTGGACGAGCGCCCTTGAC,0,713435
crpp1,0.5,1,1,ACTGCTCTGAGTGTTGCTAG,0,713663
crpp1,0.5,1,1,ACTGCATGCCGCCCCCTAGA,0,718952
crpp1,0.5,1,1,ACTCTTAATAAAAAGAAAAT,0,719572
crpp1,0.5,1,1,ACTCTGGTCGATGATATGCT,0,715520
crpp1,0.5,1,1,ACTCGAGCCGGCATTTTGGT,0,714772
crpp1,0.5,1,1,ACTCAATGGCATAGATTTAC,0,713343
crpp1,0.5,1,1,ACTATCCTCTTTACTCAGTG,0,720636
crpp1,0.5,1,1,ACTAGCCCCCCTAACTGTAT,0,713195
crpp1,0.5,1,1,ACTAAGGGTTTAGGGTTCAC,0,720027
crpp1,0.5,1,1,ACGTGCCCCGACCAAAACAA,0,718135
crpp1,0.5,1,1,ACGCGGCACCATCAGGCAGA,0,720019
crpp1,0.5,1,1,ACGCGCAAATTACGACATTA,0,719751
crpp1,0.5,1,1,ACGCCCCTCGTATCACGTCT,0,713187
crpp1,0.5,1,1,ACGCAGATAGCGGAACTCCC,0,713702
crpp1,0.5,1,1,ACCTTACGTTTGCTGTGCGC,0,712963
crpp1,0.5,1,1,ACCGTGTGACCTCATGATGG,0,719910
crpp1,0.5,1,1,ACCGCCTTCCGTCATACGTG,0,718788
crpp1,0.5,1,1,ACCATGGTCCCACGGTGTAG,0,717587
crpp1,0.5,1,1,ACCAGCAGGTCCACCTCTGC,0,715297
crpp1,0.5,1,1,ACATATAGTTGGACAATTTC,0,717400
crpp1,0.5,1,1,ACAGGGGGTGAACCGCGGTG,0,716042
crpp1,0.5,1,1,ACAAGAGAGTTTAACTTCTC,0,713146
crpp1,0.5,1,1,AATTTTCAATCGCTGGTGCG,0,719543
crpp1,0.5,1,1,AATTTGATTTTTCTACGCTG,0,720160
crpp1,0.5,1,1,AATTTGAAACATACGCTTTG,0,720710
crpp1,0.5,1,1,AATGGGGCTTGCAAGGGAGA,0,720512
crpp1,0.5,1,1,AATGACAATCTGGGTCCTTC,0,716812
crpp1,0.5,1,1,AATCTTCGCGAGGCGAGGAA,0,716880
crpp1,0.5,1,1,AATAGTGAGTAACAGGAAGG,0,714820
crpp1,0.5,1,1,AAGTTGCGGGGCGCTAGTCT,0,721034
crpp1,0.5,1,1,AAGTTAATCAAAATCCGTGT,0,714207
crpp1,0.5,1,1,AAGTGTCAACGTGGAGAGAC,0,719115
crpp1,0.5,1,1,AAGTAGAAGGGCGTTACATC,0,717473
crpp1,0.5,1,1,AAGTACATGCATGACCGCAT,0,717915
crpp1,0.5,1,1,AACTTAAGTTAAACGTAGGC,0,715290
crpp1,0.5,1,1,AACTAACTTGATAGCGTGTG,0,719277
crpp1,0.5,1,1,AACGTTAGAGCAAGGAACGA,0,719715
crpp1,0.5,1,1,AACGGCGGCATGCTAGGCCA,0,719471
crpp1,0.5,1,1,AACATCTTCTGTACTGACAC,0,717612
crpp1,0.5,1,1,AACAAACCTGTGGCGGGGAG,0,717464
crpp1,0.5,1,1,AAATGCGGCACTTATTCAAA,0,715370
crpp1,0.5,1,1,AAATACAGTGTGCATATTCG,0,720007
crpp1,0.5,1,1,AAAGGCGGGTTGATCTCTGA,0,714624
crpp1,0.5,1,1,AAAGACGTTCTGTCTCCGAT,0,712833
crpp1,0.5,1,1,AAACTGCTTCGATCACACTA,0,715298
crpp1,0.5,1,1,AAACAAGCAAAGCTCGTAAG,0,717739
crpp1,0.5,1,1,AAAAGGACCAGCTTTGCTGT,0,714533
crpp1,0.5,1,1,AAAACTTGCGTCCTTCATGA,0,721563
crpp1,1215.0,1214,0,GTATGCATGGTTTAGAGGGG,1214,715952
crpp1,596.0,595,0,TCCCATCACGGTGGAATAAG,595,713586
crpp1,579.0,578,0,CGACTAGAGAACGGTTCTCC,578,721733
crpp1,340.0,339,0,GTTGTTTCGCCGAACGTAGT,339,718860
crpp1,340.0,339,0,AGAGTAGCGTTACGCCAAGA,339,714566
crpp1,290.0,289,0,GCGAACGGGTTCAGATCTGC,289,717097
crpp1,212.0,211,0,TCTTCCCCTATCAAGACCGT,211,721110
crpp1,201.0,200,0,GTATACTCCTGAAGAAAACC,200,719721
crpp1,149.0,148,0,TAGCGTTCGTCCTACAGTAG,148,717262
crpp1,133.0,132,0,CTCTGACTTCGGATAGATAG,132,712571
crpp1,123.0,122,0,CTAACAATGCAGCAGGACGT,122,719986
crpp1,121.0,120,0,TTGCGAATGTGTGCGATAAT,120,718614
crpp1,119.0,118,0,TGCTAAGCGTAGTCGGTGAT,118,715101
crpp1,117.0,116,0,GCAAGAGTTACGCGGGGACG,116,719458
crpp1,111.0,110,0,TTGTGATGTGCCGGCGGCGG,110,713629
crpp1,107.0,106,0,TGTATCTTCTATCGCTTGGT,106,717720
crpp1,104.0,103,0,TTTGGTGCGATTCACTAGGC,103,721149
crpp1,102.0,101,0,TACACGAAAGAGCTGCAACT,101,719342
crpp1,100.0,99,0,TGCCTCGCCGTCCACCTCCG,99,715720
crpp1,99.0,98,0,GATGTCCGAACTTTGAAACA,98,718609
crpp1,98.0,97,0,GCCAGCATGCAGTAGACACA,97,721551
crpp1,98.0,97,0,CGTAAGAGATTCAATGTCCA,97,720438
crpp1,97.0,96,0,TCACGCAGCTGTCACTAAGT,96,718424
crpp1,96.0,95,0,ATTGGTTTCTACTTCCTGGT,95,717714
crpp1,94.0,93,0,TTGATGCCTGCCTATACCCT,93,713962
crpp1,94.0,93,0,TAGAGACTTTTAGCAGCTCG,93,721527
crpp1,91.0,90,0,GCGACTCGGGATACCGCGTA,90,717710
crpp1,88.0,87,0,CCAAAGTAACCTCGTGGCCC,87,721577
crpp1,86.0,85,0,TAAGATCAATCTGAGAATCT,85,714828
crpp1,84.0,83,0,TTCCGGTAAAATCCATGCAG,83,721116
crpp1,84.0,83,0,TGGCGATGTAATTACCACTT,83,718126
crpp1,83.0,82,0,CAATAAGGGCCGCCGTGTTA,82,716731
crpp1,82.0,81,0,AGCCGCAAATGCGGCCGCCA,81,715953
crpp1,81.0,80,0,GTCACATCCGATCTGCTGTT,80,721347
crpp1,81.0,80,0,CACAGGTTAGCGTCCCCATT,80,712892
crpp1,81.0,80,0,ATAGACACCTTTGTGGTCTC,80,720883
crpp1,80.0,79,0,CATCTTTGAAAGTACATTCA,79,719248
crpp1,80.0,79,0,CAATCGTTGACATCCGACAA,79,717366
crpp1,76.0,75,0,TAACTCCGGGATTTTCCACC,75,712937
crpp1,75.0,74,0,TAATGCTAGCCGAAATAGGG,74,712941
crpp1,74.0,73,0,TACCAGTCCTCTCTCACTTT,73,712698
crpp1,74.0,73,0,GGCGTGAGCATGTGGGAGGA,73,719310
crpp1,74.0,73,0,CGGTGGAGTGGCTTTCATCC,73,721223
crpp1,73.0,72,0,ACGCATTTCACTTTTACGTG,72,717267
crpp1,71.0,70,0,CATCGATATAACGTCTGCAT,70,716629
crpp1,71.0,70,0,AACGTCCAAAAATAAGGTAC,70,717275
crpp1,70.0,69,0,ATGACTATTTGTTCAATTGC,69,718861
crpp1,69.0,68,0,TGTTTGTTATTCTAGCGCAG,68,717001
crpp1,69.0,68,0,GTTGTTATTAGTATAAAGGC,68,719594
crpp1,67.0,66,0,ATAGATACTCCTCCTCGGAG,66,717176
crpp1,66.0,65,0,CAATGGGCTTGGATGTCGGA,65,715800
crpp1,65.0,64,0,GGTTTAGCCTTCAGAGCTTT,64,717962
crpp1,65.0,64,0,ACGCAAGCGATTTCACGCTA,64,715521
crpp1,64.0,63,0,TCAGTCGTCGGCAACGAACG,63,716979
crpp1,64.0,63,0,GCCAGTTGACCCACATATTG,63,718202
crpp1,64.0,63,0,GATCTGCCTTATCTATAGGC,63,714017
crpp1,63.0,62,0,CATAAGAACCGTGGAACAAC,62,713444
crpp1,63.0,62,0,CAGCGTACGGCGAGCGTTGA,62,715160
crpp1,63.0,62,0,ATCGAGATATCGCAGATTCC,62,712457
crpp1,63.0,62,0,AACCTTTAGTTATCCAAATT,62,715247
crpp1,62.0,61,0,GTGCAGGTTGTTGTCTGAAG,61,719989
crpp1,61.0,60,0,CAATAATCCGTAGCCCCTCT,60,721445
crpp1,61.0,60,0,AACTATCGTCGCTTACACAG,60,719085
crpp1,60.0,59,0,CTTCACCCCCTGTTGCGGTA,59,712605
crpp1,60.0,59,0,CCCAAATGATACGGTCTTCT,59,719332
crpp1,60.0,59,0,CACGGGGTAGGCACCACCTT,59,721049
crpp1,59.0,58,0,GTTTTATTCAGTCTCGTGTT,58,718358
crpp1,59.0,58,0,GTCGCAGGGGACCCTTCGAT,58,715577
crpp1,58.0,57,0,GTAATGTGAGAATTTGGGTT,57,716431
crpp1,58.0,57,0,CTCAGTCTACAGGATAACTC,57,713888
crpp1,58.0,57,0,AGTTGCTGCAATGATAAGGT,57,721662
crpp1,58.0,57,0,AGGACCCTCAGGGATCACCT,57,715916
crpp1,58.0,57,0,ACGTTCCGTGTGCTATGATT,57,716156
crpp1,57.0,56,0,TGCGAAACAGAGTGTTAGGT,56,720108
crpp1,57.0,56,0,TATTCGAGGGCCAAAATTCC,56,718451
crpp1,57.0,56,0,GTTTACGTTCTCCACACAGT,56,714999
crpp1,57.0,56,0,ATTGGCAGTGGTTATTTACA,56,713757
crpp1,57.0,56,0,ACATCCTCAGTCAGGTTGAC,56,713884
crpp1,56.0,55,0,CTCTTTCCGGATATAGTTTG,55,717064
crpp1,56.0,55,0,CGCGCGTCAACGATCGGCAA,55,718642
crpp1,55.0,54,0,ACCTATTATGTGCCACGCAA,54,716345
crpp1,55.0,54,0,ACCGATTTTGCTATTAAACT,54,718819
crpp1,55.0,54,0,AATTCCCGCGGACAGTTGTT,54,715799
crpp1,54.0,53,0,TTAAGCGCTCCCAACTACTG,53,717263
crpp1,54.0,53,0,GACAGGAGTACAGCTGGGGT,53,717680
crpp1,54.0,53,0,CCGCGCGGTGCGTATATATA,53,719323
crpp1,54.0,53,0,CATAAAATTCGGGGAAGCCC,53,718259
crpp1,54.0,53,0,AGTAGTTTGCGCTGGCTTGA,53,715315
crpp1,53.0,52,0,TGTTAATGGCATCCAACCGT,52,717138
crpp1,53.0,52,0,GGAGGCCCCGTCGTCCCGGG,52,714936
crpp1,53.0,52,0,CGGGGGTGTATCGCACGAGG,52,712599
crpp1,52.0,51,0,TTGTGCGTTTTCTACGCCAG,51,714248
crpp1,52.0,51,0,CTCTGGGAAGGTAGGAGCTT,51,712480
crpp1,52.0,51,0,AAGTTCCACGCCCAGATGCG,51,719457
crpp1,51.0,50,0,TATGGACAGCTCTAGAGTAG,50,712810
crpp1,51.0,50,0,TACATTGACACATGTCTTTC,50,718459
crpp1,51.0,50,0,GTATTTGCATAAAGAGTGAT,50,721364
crpp1,51.0,50,0,GGTGACTACTTTGCTTGGTT,50,717590
crpp1,51.0,50,0,GACAGGGGCAAGGCTTGCTG,50,720392
crpp1,51.0,50,0,CTGCGTGTACATTATCCTGT,50,717810
crpp1,51.0,50,0,CGCAGAACGGATACCTTTGT,50,714216
crpp1,51.0,50,0,CAAGTCGTCGAGGTCGGGCT,50,721355
crpp1,50.0,49,0,TTCGGGACTTGAGATGTCAA,49,715560
crpp1,50.0,49,0,TTCCTATTTGTATGAACGTG,49,718106
crpp1,50.0,49,0,TCGTGGTGTTCCACAGCGCT,49,714252
crpp1,50.0,49,0,CGGAGCCATTTCACGTTGTT,49,718790
crpp1,50.0,49,0,CCGGTGCCCATCCCTTGGGA,49,715417
crpp1,50.0,49,0,CATCTCGCTTGCCGGAGCGA,49,715221
crpp1,50.0,49,0,CAGAGGAGTTACGACTCTTG,49,720082
crpp1,49.0,48,0,TCTATAAGTGCGGGGTAAAT,48,717731
crpp1,49.0,48,0,ATAAGCCGCTGTTTAATTTT,48,713544
crpp1,48.0,47,0,TGGGCCATTGAATGGTTAGA,47,717264
crpp1,48.0,47,0,GGATCCAGCGGCGGAAGGTT,47,719448
crpp1,48.0,47,0,GAACTAGGAGAGGCTAGGCA,47,720917
crpp1,48.0,47,0,CTTTTTGTACGGGCGTCGGA,47,716641
crpp1,48.0,47,0,CTGTGAGGGGTACGCGTTTT,47,713113
crpp1,48.0,47,0,ACGGCGGTTTACAAGGAGCA,47,715072
crpp1,48.0,47,0,AAAGGGCATCCGTTCGTAGA,47,719844
crpp1,47.0,46,0,TTGCCGTTCATTCTGAGGAG,46,719370
crpp1,47.0,46,0,TGCGAACATAGTATTCCGGC,46,714333
crpp1,47.0,46,0,TACGCAGGTTTATCCACAGT,46,713394
crpp1,47.0,46,0,GTTATACGAGGGAAAGTACA,46,713620
crpp1,47.0,46,0,GTTAAGTTCCCCCAGGGATA,46,719982
crpp1,47.0,46,0,GTGCAAAAGATTTGTTATAT,46,716577
crpp1,47.0,46,0,CCTGAACGATATGGGATCGG,46,720432
crpp1,47.0,46,0,CCATACCTAAATGACCTCGC,46,712661
crpp1,47.0,46,0,AGTGGTAGAAATCACTGCCG,46,715408
crpp1,46.0,45,0,TGCGGTAAAACTTTTGGCGT,45,721078
crpp1,46.0,45,0,TCAATCCGAAAAGCCGTTCC,45,716253
crpp1,46.0,45,0,GCGATTACCTACGTGATCGC,45,714627
crpp1,46.0,45,0,GAATTTCTCAACATGGCGAA,45,720341
crpp1,46.0,45,0,GAAACGACATCTACCTTTTC,45,715161
crpp1,46.0,45,0,CTCCGCATCCACACAGGAGA,45,721729
crpp1,46.0,45,0,CGCGTAAGCCAGAGGCAAGG,45,721564
crpp1,46.0,45,0,ATTACTAATGTTTCATAGGT,45,717495
crpp1,46.0,45,0,ATGTCGATGCGTCTAGTCGA,45,720319
crpp1,46.0,45,0,AGCAAGAAACAGATCAGATG,45,717276
crpp1,45.0,44,0,TTTGCGTATCGCGGGCAGAT,44,713744
crpp1,45.0,44,0,TCACGTGGACTGAATATAAC,44,715131
crpp1,45.0,44,0,CGAGGTACCTCGGTGCCTTT,44,714463
crpp1,45.0,44,0,CCTACCCGGTGGGACTCTTA,44,715658
crpp1,45.0,44,0,CCCGGGAAACTATGAAGACC,44,720557
crpp1,45.0,44,0,CATAGGTCTAGAGAGGATCA,44,712853
crpp1,45.0,44,0,AGAAAAGAAGCCCTAAATCA,44,715944
crpp1,44.0,43,0,TTTACCCTCACGGAAGGGCT,43,720976
crpp1,44.0,43,0,TCGAGATGAACCTGTATCTC,43,716861
crpp1,44.0,43,0,TCCTAATTTAGCCGCAGGCC,43,719463
crpp1,44.0,43,0,TAGAGGGTCGCAAATGGATC,43,717882
crpp1,44.0,43,0,GTGCTTGCGGCCACCATAGT,43,717841
crpp1,44.0,43,0,GTCGTCCACGTTATTGTAAT,43,720186
crpp1,44.0,43,0,CTTTGAGTAATTTCCCCGGC,43,717759
crpp1,44.0,43,0,CTGAAACTAGCCACGCTTTA,43,713449
crpp1,44.0,43,0,CGTGGTCTCGATTTACACGC,43,712818
crpp1,44.0,43,0,AGATACGGTTGGGTCTCGAA,43,721426
crpp1,44.0,43,0,ACCGCTTGAGTGTACATTTT,43,714123
crpp1,44.0,43,0,AAATTATTATGTCTCTGATG,43,715299
crpp1,43.0,42,0,TGTCTTCTCATCGGCCAGAG,42,718517
crpp1,43.0,42,0,TAAAATTTGTACCCATTGAT,42,716031
crpp1,43.0,42,0,GGGACACACGAACTGTAATC,42,714378
crpp1,43.0,42,0,GACCTTCACTAAACGTCCCC,42,716708
crpp1,43.0,42,0,CTCCTGCATTTGGAGCACAT,42,715937
crpp1,43.0,42,0,CGCGCGCAAGCCTACGTCCC,42,717919
crpp1,43.0,42,0,CCGGCACGCTTTGAAAGGCC,42,714912
crpp1,43.0,42,0,ATTTATTGGCTACGTGTTTC,42,720306
crpp1,43.0,42,0,AGGGCCATTAGTCACATTCT,42,715176
crpp1,43.0,42,0,ACAGGCAGAATCTCCCCGAA,42,713393
crpp1,42.0,41,0,TTTTGGTCAGCGCGAGCCCT,41,716409
crpp1,42.0,41,0,TGGAACGGTAAAATCCGCGT,41,717041
crpp1,42.0,41,0,TGCGCTAGGTCTAGCCATAA,41,713726
crpp1,42.0,41,0,TAGCAAGGGCGACTCATATT,41,720843
crpp1,42.0,41,0,GCTGAATATGATTTAGATCT,41,718219
crpp1,42.0,41,0,GAACGACTAATGGCAGCGAT,41,713653
crpp1,42.0,41,0,CCGTACACACTCCTGGCCTC,41,721107
crpp1,42.0,41,0,ACGATCACACTAGCACTTAA,41,720505
crpp1,41.0,40,0,TCTACGGTCGGCGATAGTAA,40,712484
crpp1,41.0,40,0,GTCTGAGAGAGTCTTTGGCC,40,721540
crpp1,41.0,40,0,CGGAGCTGACGCGATGTTTT,40,714274
crpp1,41.0,40,0,CCGATCCGGCGTCTGTCATG,40,721236
crpp1,41.0,40,0,AGTTCGCAATACTTCTTACA,40,716130
crpp1,41.0,40,0,ACAGCTGATGGTCGTGGATA,40,713783
crpp1,41.0,40,0,AACCCGCTATTCCTCTGCTC,40,719836
crpp1,40.0,39,0,CGAATACCTTACGGTTCTCG,39,718217
crpp1,40.0,39,0,CACGTCGCCCGTCTGTTGCA,39,713737
crpp1,40.0,39,0,CAAGGGTACGCTTGATAAGG,39,718608
crpp1,40.0,39,0,AGACAACCACAGAATGTAGG,39,721544
crpp1,40.0,39,0,ACCAGTTCGACTACCGGCTA,39,714392
crpp1,39.0,38,0,TTGGGCCTACGTAGGTGTGG,38,713738
crpp1,39.0,38,0,TGTGTTCTGCGAGAGTACTT,38,718388
crpp1,39.0,38,0,TAACACGTGCGGACATCGCT,38,715674
crpp1,39.0,38,0,GTTGCCGACCGTGGAGTGCT,38,719059
crpp1,39.0,38,0,GGCGGCAACGGGCTCAAAGT,38,714750
crpp1,39.0,38,0,CGTGCATAATGGCTAATGGT,38,716322
crpp1,39.0,38,0,CCTTTCAGAGCACTACTCGC,38,715651
crpp1,39.0,38,0,CATCAGTTACTATACTCTAA,38,714942
crpp1,39.0,38,0,AGCCAACTTTGTTTCGTGGG,38,715490
crpp1,38.0,37,0,TATATCTTTCACCGAGATGT,37,720725
crpp1,38.0,37,0,GTTAGGGGCTTCTCTATCCT,37,721050
crpp1,38.0,37,0,GGCAAAGTGCATAGACTTGG,37,714578
crpp1,38.0,37,0,GATCAACCTGATGTCGTCGT,37,716124
crpp1,38.0,37,0,CTAGATAGCATGATGCGCTT,37,720368
crpp1,37.0,36,0,TTTCTTGTCCTCCCACAAGT,36,714640
crpp1,37.0,36,0,TAATCGTCCCTGCCTTAATG,36,714739
crpp1,37.0,36,0,GGAAGTTACTATGAAGACCC,36,715876
crpp1,37.0,36,0,CTGGTCTTCTAAGGCCTCTC,36,712871
crpp1,37.0,36,0,AGGGTCTATTAGAAACGGGG,36,716720
crpp1,37.0,36,0,ACATTCCTAAAGAGCAAACT,36,718816
crpp1,37.0,36,0,ACAAGCCCTGAACAGCCCAC,36,719812
crpp1,36.0,35,0,TACTGGTATAAAAGGCATAG,35,720391
crpp1,36.0,35,0,CCTCTATAGAATTAATTACG,35,715205
crpp1,36.0,35,0,CCAATAACAGCATGTCTTTA,35,720484
crpp1,35.0,34,0,TCCGTCCAATTGTTCGATAC,34,716277
crpp1,35.0,34,0,GGGAATTCCTGGCTTCAGAC,34,718957
crpp1,35.0,34,0,CTGCTCCCGCTGAAGTTTGA,34,714752
crpp1,35.0,34,0,CTAGGTTCAGACGTGGGACG,34,721525
crpp1,35.0,34,0,CGTTTTTGGTACCCCGGCCG,34,717657
crpp1,35.0,34,0,CCCCCGTGTCTTAGAGTGAT,34,714033
crpp1,35.0,34,0,ATTCGGGTGTACCCCAGGTA,34,720221
crpp1,35.0,34,0,AGGGGAACCTTACGGACCTT,34,716357
crpp1,34.0,33,0,TAGGTATGAAAATCTTGTCC,33,717833
crpp1,34.0,33,0,CCTCTGGCACTCCGACCGGA,33,719106
crpp1,34.0,33,0,ACCAGGCCTTATGAAGCCAC,33,718969
crpp1,34.0,33,0,AAGCGCAAAGTTCTCTTAGC,33,714689
crpp1,33.0,32,0,TTTTCAGACGTATTAGCCAT,32,713549
crpp1,33.0,32,0,GTCCAGGCTATCCGGGCAAA,32,713543
crpp1,33.0,32,0,CCAAGTATTGTGTCCGGCTG,32,719348
crpp1,33.0,32,0,ATGGGGTACACTGGGTCTAT,32,715970
crpp1,33.0,32,0,ACTCGCCAGCAAGATAAGAA,32,713314
crpp1,33.0,32,0,AAAGTACAATAGTCGAACGG,32,721154
crpp1,32.0,31,0,TTTACGCTCGGCCCCTGAGA,31,721457
crpp1,32.0,31,0,TTCCATTACGTCCTAGTATG,31,712630
crpp1,32.0,31,0,TGTCCGAGAAGCTCTAAGAC,31,715972
crpp1,32.0,31,0,TCTTCGGCATCTCGTGGAAT,31,718839
crpp1,32.0,31,0,GTCATATGAGGTGTGGTACA,31,715985
crpp1,32.0,31,0,GCCAGGTCATGGTACAGCTG,31,718804
crpp1,32.0,31,0,GACCCCAACCCGCTTGGGCA,31,720929
crpp1,32.0,31,0,GAATGCGATACAGCGGTCGC,31,718773
crpp1,32.0,31,0,CTCAAATGGAAACCTCGACT,31,719024
crpp1,32.0,31,0,ATTCATCCATCGGACTTCAT,31,714735
crpp1,32.0,31,0,AGATGGATATAGGAGCTTCT,31,714865
crpp1,31.0,30,0,TTGTCATCCGCGGCGAGGGG,30,720723
crpp1,31.0,30,0,TGTAAGGCCGATTTTTAGTA,30,719021
crpp1,31.0,30,0,TATCAGAGGTTTCCGCTGGC,30,716129
crpp1,31.0,30,0,TAATGCATTCCGCGTGTGGT,30,715197
crpp1,31.0,30,0,GTAGACAAGCCTGGAAGGCC,30,718436
crpp1,31.0,30,0,GGCTTCCGATCTGTGGGCCA,30,717941
crpp1,31.0,30,0,GCGCAGGGGGTGGATTGAAG,30,718757
crpp1,31.0,30,0,CTGCTCTGCGATCGCTTGCT,30,713047
crpp1,31.0,30,0,CGATCTGGCGCTGGACGAGA,30,712806
crpp1,31.0,30,0,CAAGATCTGTCATAGCTAAC,30,720586
crpp1,31.0,30,0,AATAATGAGGGTCACCTATA,30,716522
crpp1,30.0,29,0,TTATGATGTTCCGGATTATT,29,718950
crpp1,30.0,29,0,TACAACATTCGAGGATAACG,29,720237
crpp1,30.0,29,0,GCTTACGCGTTGCATTATGA,29,713504
crpp1,30.0,29,0,GAAGCGAGGATTTCTGGAAC,29,715044
crpp1,30.0,29,0,CCCCCGAGTCCTCCGGTTCA,29,716423
crpp1,30.0,29,0,CAGACACGCGAGAGTTCGGG,29,714527
crpp1,29.0,28,0,TTTTGTTCCTTCGTTATACA,28,716907
crpp1,29.0,28,0,TTCTACAGGAGCCCGCCTCT,28,718407
crpp1,29.0,28,0,TAGATGTGTAGGGTTTAAAT,28,718741
crpp1,29.0,28,0,GACGGTCGGGTCAAGCGCAT,28,719025
crpp1,29.0,28,0,AGTACTTCTGATGACCCCAC,28,720113
crpp1,29.0,28,0,AAGCCAGAGCGAACTACAAT,28,719502
crpp1,28.0,27,0,GAACGCTTCCGGCTGGGGAG,27,718131
crpp1,28.0,27,0,CTAGTCCGAGAGGGTTCACA,27,714990
crpp1,28.0,27,0,CCACACGGGGTTAACACTTC,27,716014
crpp1,28.0,27,0,CACAATTCAGCCGCTCACCA,27,713091
crpp1,28.0,27,0,CAATAAGTAAGGTTGCCAGA,27,715896
crpp1,27.0,26,0,TGTAAGTGCGTCCTAGAGCG,26,720670
crpp1,27.0,26,0,GGCAAAGTTTTATGATATCT,26,712951
crpp1,27.0,26,0,CGGTTGTCGCAGCACTTTTA,26,712499
crpp1,27.0,26,0,CCTCTAATGTTTTTAATATG,26,712559
crpp1,26.0,25,0,TGCCCGGTTGGTGTCAATCT,25,714503
crpp1,26.0,25,0,TCGACTAAGACCGGGATCCC,25,719855
crpp1,26.0,25,0,TCAAGGTCGAACAGCCGGCA,25,714935
crpp1,26.0,25,0,GTTGTGTTTACCAGTTAATG,25,713401
crpp1,26.0,25,0,GTCATCAGTCGTTCATTCTT,25,716268
crpp1,26.0,25,0,CATTCAAAATTGAGGTATGA,25,715065
crpp1,26.0,25,0,ACTGTCGGCAGCTTCTCGAC,25,720047
crpp1,25.0,24,0,TGTCATACCCCGCAGGTCCA,24,714675
crpp1,25.0,24,0,TCTAATGTCGAGGGAACGTC,24,717106
crpp1,25.0,24,0,GTCTAAAGAAGCCTTAGTTG,24,714146
crpp1,25.0,24,0,CATTAGGGTGGGGATACATA,24,712521
crpp1,25.0,24,0,CAGCGTTCGTCGTGCCAGCC,24,713628
crpp1,25.0,24,0,ACACTCTCCGTTGCGGCTGT,24,719613
crpp1,24.0,23,0,CGAGTGCTTGTGTGCGTTTA,23,715547
crpp1,24.0,23,0,CCGCATCACAGTCCGTCAAC,23,713416
crpp1,23.0,22,0,GGCCTTGAAATGCTCGTACT,22,715375
crpp1,23.0,22,0,GCAGTGGAGATGGCATTCCT,22,720263
crpp1,23.0,22,0,GACTGTCTAGTCGTGCTAGA,22,713673
crpp1,23.0,22,0,CCGGGCGGGTCGTGAGATCA,22,717515
crpp1,23.0,22,0,CAGTGGCCCGATGCGGAATC,22,716266
crpp1,22.0,21,0,TTTAGTTAAGCTCCACTTAC,21,713289
crpp1,22.0,21,0,TTCCATAGCACCGGAATCGG,21,713304
crpp1,22.0,21,0,TGTAAGCGGTAGCAACCGGT,21,716137
crpp1,22.0,21,0,TGATTGTATGACGAGTATAA,21,718550
crpp1,22.0,21,0,GATGTACCTACGCCTTGCGT,21,718055
crpp1,22.0,21,0,GAGAGTATAAACCTCGCCTG,21,716870
crpp1,22.0,21,0,CTGTGCCCCTGCTGAACAGT,21,718234
crpp1,22.0,21,0,CACAAATTACAGTCTCGCTA,21,717726
crpp1,22.0,21,0,AGGCCATGTCAATCGAGCGA,21,719681
crpp1,22.0,21,0,ACTATATACTCTATCGTTAG,21,716063
crpp1,21.0,20,0,TTTGGACGATAGACAAGTGG,20,717090
crpp1,21.0,20,0,TGCCCGAGAGATCCCACTGC,20,714972
crpp1,21.0,20,0,GTCGCTTTAGTGCAGTGCAG,20,718729
crpp1,21.0,20,0,CTACGTGCCTTTATACGAGG,20,719383
crpp1,20.0,19,0,TTTGATGTCAACACTTATAT,19,715198
crpp1,20.0,19,0,TCCTATATAATGTGCGAACG,19,717020
crpp1,20.0,19,0,TAAGTAGCTGCTCTGATCCA,19,717734
crpp1,20.0,19,0,GTTAGAAGGGAACGTTCAGT,19,713680
crpp1,20.0,19,0,GATGACCGCAGTCTTGCGAT,19,714164
crpp1,20.0,19,0,GATACACAGTCAACAAACTC,19,717626
crpp1,20.0,19,0,CCGCCAGCCGAGTCGAATCA,19,716897
crpp1,20.0,19,0,ACCCACAGGGATGCTGGACA,19,713220
crpp1,19.0,18,0,TGACAATACGCTAGCGCCGA,18,721735
crpp1,19.0,18,0,TCGGAATACCTCGTCCCCCC,18,715111
crpp1,19.0,18,0,GTACTCACTCATGACACACA,18,715768
crpp1,19.0,18,0,GGAATGCGCGTCTGACTCTC,18,713481
crpp1,19.0,18,0,AAGCGCCCCTGACGTTATGG,18,716034
crpp1,18.0,17,0,TCGCATAGATACACAAAAAA,17,716104
crpp1,18.0,17,0,TCCTGTCAGAGAGGGAACGC,17,715330
crpp1,18.0,17,0,GGAATACGTTAATCCTCCTT,17,714309
crpp1,18.0,17,0,GAACCCCCAGCATCCCGTGC,17,719382
crpp1,18.0,17,0,ATCAGAGACTTGGCGACGTG,17,713415
crpp1,17.0,16,0,TCAGTCACGCGTGGGTCTGC,16,712784
crpp1,17.0,16,0,TAAAAGTGCCCCTTCGACCC,16,717411
crpp1,17.0,16,0,GGTCACAGAAATGAGAACGG,16,719698
crpp1,17.0,16,0,CGTACCCACAATACATGGTT,16,716411
crpp1,17.0,16,0,CCTCAGTAAGACGAAGGAAT,16,719195
crpp1,17.0,16,0,AGGGAACCTACTGTCAACTG,16,717654
crpp1,16.0,15,0,TTAACGGTGAGTTGCGAAAC,15,713102
crpp1,16.0,15,0,GTTAGTACCTACAAGGTTCG,15,716402
crpp1,16.0,15,0,GTCCGGTAAGAGACTGACGA,15,718774
crpp1,16.0,15,0,GTATTAAAGCGCGCCGCCGT,15,721385
crpp1,16.0,15,0,GCGTTTAGTAATGTATTGAT,15,713076
crpp1,16.0,15,0,GCACGTGACTATAGAGCCTG,15,717315
crpp1,16.0,15,0,CGAAGGACAACTCCAATAGT,15,717832
crpp1,16.0,15,0,CCCGTATAAGATCACGGTCC,15,718082
crpp1,16.0,15,0,ACTGACCCGTGCGGGTTCTA,15,712591
crpp1,16.0,15,0,ACATCTGCTGTCTAAATCGA,15,721306
crpp1,15.0,14,0,GGCTGCAGGACGAGGACTCG,14,721055
crpp1,15.0,14,0,CGGAAGCAATTGCTTAATTA,14,720703
crpp1,15.0,14,0,ACGTTGCAGTGCCCGGACGT,14,714135
crpp1,14.0,13,0,TGTGCCCCTACCCTGTGGAG,13,717018
crpp1,14.0,13,0,TAATCAGAGGAGGTTGATAA,13,720708
crpp1,14.0,13,0,AGTCCATCCTAGGCCTCGGA,13,715780
crpp1,13.0,12,0,TCCGGAACCCTACCAGCAGC,12,717329
crpp1,13.0,12,0,GGTATTCAGCGAGCAAGCCA,12,713344
crpp1,13.0,12,0,GGTAACAAGGTGCGCCTAGC,12,714520
crpp1,13.0,12,0,CTCACGTGTCGTTTTCGGTT,12,721281
crpp1,13.0,12,0,CGCGTAACGGCGATGTGATG,12,721345
crpp1,13.0,12,0,CCGTGATGAGGGTGATTCGA,12,715033
crpp1,12.0,11,0,GGTCCCCAAGGCGGAGACAG,11,713979
crpp1,12.0,11,0,GCCCGAACGATACGATTGAA,11,714410
crpp1,12.0,11,0,AGATCGATAAATCAAATGCT,11,713512
crpp1,12.0,11,0,ACTCGCAGTATGCGATCAGA,11,719141
crpp1,12.0,11,0,AAGACGCATTTTTCGGGCCG,11,720832
crpp1,11.0,10,0,GCAGGTCTTCTGAAACAGGT,10,719518
crpp1,10.0,9,0,TTCGACGCGTTTACTAAACT,9,717304
crpp1,10.0,9,0,GCGACTAGCCACAGTCAGGT,9,716899
crpp1,10.0,9,0,GCGAAAGCGTCTTTCTCATC,9,715248
crpp1,10.0,9,0,CGCCGGGTGGGAATACTGGT,9,715604
crpp1,10.0,9,0,ATCAAGTTGAGCACTTCTCT,9,717586
crpp1,10.0,9,0,AATTATCTTTTGCCTACTCC,9,719275
crpp1,9.0,8,0,GGGTCAATATCCGACGCGAG,8,720339
crpp1,9.0,8,0,ACGCATTCATCCTAAGTGTA,8,721155
crpp1,8.0,7,0,TAGGCGGCGTTAACGTACTA,7,720729
crpp1,8.0,7,0,CACATAGTAGTAACACCATT,7,714041
crpp1,8.0,7,0,ACCTATTCGGTAAGCCCAGG,7,714937
crpp1,7.0,6,0,TTGTCTATTGTAGTATGGTG,6,719975
crpp1,7.0,6,0,CTATAGTCATATGTTATGAG,6,716002
crpp1,6.0,5,0,TGTTCATCATAGCTGTCCGT,5,720277
crpp1,6.0,5,0,CCTGGCTCGACAAGGGAAAT,5,720993
crpp1,6.0,5,0,CATTGATCCTTAGGCAATTA,5,715584
crpp1,6.0,5,0,AGACATAGCGGAGCGGCCCA,5,718029
crpp1,6.0,5,0,ACCCGCGAAAGGTCAAACCT,5,721248
crpp1,5.0,4,0,TGCCAGTTCGCACCGGAACT,4,719994
crpp1,5.0,4,0,CACCGATGAACTTACCTCGC,4,718287
crpp1,4.0,3,0,TTTGGCATACGACGGGTCCT,3,714193
crpp1,4.0,3,0,TATGCAAGTCATAATCCACA,3,715220
crpp1,4.0,3,0,GTATGAGGTATGCCGTATGG,3,719720
crpp1,4.0,3,0,CCAGCTCCTTGACTTGTAGA,3,721546
crpp1,4.0,3,0,ATGCGGTCATAGTGGAAGGA,3,717844
crpp1,4.0,3,0,ACAATTCATCACCCCCAGCA,3,712822
crpp1,3.0,2,0,TTTGGTGATGGTTTCTGGTC,2,718853
crpp1,3.0,2,0,TTGTAGCGCTCGCGGCGGGG,2,720477
crpp1,3.0,2,0,TGACAATAAAGTGCTATTTT,2,712687
crpp1,3.0,2,0,GGTACCAGTCCCACGGTCAA,2,720338
crpp1,3.0,2,0,GAGCTTTCACCTATGCCGCA,2,717318
crpp1,3.0,2,0,CTTGCCGCAGAACATATGAT,2,714177
crpp1,3.0,2,0,CCCTTTGGGAGCATTAGTTG,2,717016
crpp1,3.0,2,0,CAGCCACTTCCTGAAAGTTT,2,720460
crpp1,3.0,2,0,CACACGAATATGGGGATGAC,2,720061
crpp1,3.0,2,0,AGTGATGAGCTATCGGCATT,2,719749
crpp1,3.0,2,0,AGGGGAGTATGTGCAATTTT,2,713827
crpp1,2.0,1,0,TTTTCTGCGAGACATGAAGG,1,720560
crpp1,2.0,1,0,TTTGGTAGGTGACAGCGATT,1,720175
crpp1,2.0,1,0,TTTCGTCTGCTAACTATACG,1,714450
crpp1,2.0,1,0,TTTATACGTACATAAAAGAA,1,716521
crpp1,2.0,1,0,TTGGAAGGCCTACCGACTAT,1,712656
crpp1,2.0,1,0,TTCTCGCATCCAAGTATTCT,1,718927
crpp1,2.0,1,0,TTATGATTGAGAATCCAATT,1,718405
crpp1,2.0,1,0,TTACAAACGATAAATAGTGT,1,714647
crpp1,2.0,1,0,TGTGGGCTGTACAAAAAGTC,1,720035
crpp1,2.0,1,0,TGGCACATGTCACATTCGCA,1,719662
crpp1,2.0,1,0,TCTTGTGTTCAACCCATCAC,1,720214
crpp1,2.0,1,0,TCTATGAAATAGTAATCACG,1,712933
crpp1,2.0,1,0,TCTAGACACTTGGAAATGAG,1,717334
crpp1,2.0,1,0,TCGTTGTTTACTTAGTCGCC,1,714124
crpp1,2.0,1,0,TCAGCTTTAAGCATCGCAAG,1,716274
crpp1,2.0,1,0,TCAATGTACCTCAGAGGGAT,1,717608
crpp1,2.0,1,0,TATTGGTGGGGGCTTCTTGC,1,714327
crpp1,2.0,1,0,TATCGCGACATTGTGACTTA,1,714823
crpp1,2.0,1,0,TAGTGGAGGCAGTATCGTCC,1,713722
crpp1,2.0,1,0,TAGACCCCCTGTTTGGCTAT,1,715941
crpp1,2.0,1,0,TACAGTCTCTAGGACTGCAG,1,715601
crpp1,2.0,1,0,TAAGCGATAATGTTAGAGCA,1,718554
crpp1,2.0,1,0,TAACTCTGACAAACAAGCAG,1,720946
crpp1,2.0,1,0,TAACCCATTAATCGGGAGGT,1,713825
crpp1,2.0,1,0,TAAATGTAAAAACCACGACG,1,713357
crpp1,2.0,1,0,GTTAAATAGAACAATCGAAA,1,718571
crpp1,2.0,1,0,GTCGTGATCAAATTTCCAGG,1,714544
crpp1,2.0,1,0,GTCGCGCTTGCGGCAAAGCT,1,714061
crpp1,2.0,1,0,GTCCATTGGGGCTTATGCCC,1,714405
crpp1,2.0,1,0,GTACCATCTAGCAACGCATG,1,712939
crpp1,2.0,1,0,GGTTGATTTACCACGAGTCG,1,715348
crpp1,2.0,1,0,GGTCCATCTTGTGTGACGGA,1,713348
crpp1,2.0,1,0,GGTAGCTGAGTAACGCTGAT,1,718540
crpp1,2.0,1,0,GGGTCTAGTTGGATTCTCTT,1,712534
crpp1,2.0,1,0,GGGGCGAGGTCTAGCTTGTT,1,714565
crpp1,2.0,1,0,GGGGCCTGAAGCTGTCGCTT,1,713111
crpp1,2.0,1,0,GGCTACGGCTCAGAGGGGCA,1,713079
crpp1,2.0,1,0,GGAGCCCGATCGTATGGGGG,1,714275
crpp1,2.0,1,0,GCTTAAACTTGCAGACCTGC,1,714315
crpp1,2.0,1,0,GCTACTCTTGAATTTTGACA,1,714505
crpp1,2.0,1,0,GCGAAATCGTGATACAGTTC,1,716488
crpp1,2.0,1,0,GCCCCAGAAGTGACGAATTC,1,713526
crpp1,2.0,1,0,GAGGCTTAATGGACTTTGGT,1,718744
crpp1,2.0,1,0,GACACCAGGAGCCCCCCATA,1,721307
crpp1,2.0,1,0,GAATCAAGTTATGTACGGGG,1,715416
crpp1,2.0,1,0,CTGCTCATGTGCCGATTTAC,1,714108
crpp1,2.0,1,0,CGTAAATGTCTCGCGTCATG,1,720342
crpp1,2.0,1,0,CGGCGTCCTGTACGGAAGAT,1,713864
crpp1,2.0,1,0,CGGAGTAACAGGTTCCGAGA,1,712781
crpp1,2.0,1,0,CGCGTAATCGTCAGAGTGCT,1,715673
crpp1,2.0,1,0,CGCGAATCGAGTAGACTTCT,1,718977
crpp1,2.0,1,0,CGATGATGGGCAGGTTCCAC,1,720719
crpp1,2.0,1,0,CCCCTGCCCTCAAGATTAGT,1,717716
crpp1,2.0,1,0,CCCCCAATAGTAGGATCGGT,1,721179
crpp1,2.0,1,0,CCAGCAACGATTACATTTCT,1,721485
crpp1,2.0,1,0,CAGGGAGGTCTACGAGAGTT,1,718036
crpp1,2.0,1,0,CAGCCCCGGTCTATGCCGAG,1,715471
crpp1,2.0,1,0,CACGAAGTCCTCGAGAGCTA,1,714329
crpp1,2.0,1,0,CAACTTCAATTTACAGTCTC,1,715087
crpp1,2.0,1,0,ATTGCAGGAAACAGACTTTG,1,718461
crpp1,2.0,1,0,ATGTTTGGGTCCCTTGCCCC,1,716623
crpp1,2.0,1,0,ATGTAATGGGCTAACCTTGT,1,716881
crpp1,2.0,1,0,ATGCACCAAGCTACGCTTCT,1,719956
crpp1,2.0,1,0,ATCTGGATAGTACAGGTCCC,1,720000
crpp1,2.0,1,0,ATCGACACATCGCCATCCTT,1,719517
crpp1,2.0,1,0,ATCCAATATTTCACATGCGA,1,713901
crpp1,2.0,1,0,ATATTAGCACTCGTGGCCGG,1,721231
crpp1,2.0,1,0,ATATACGTCTCGGTTACTGC,1,714790
crpp1,2.0,1,0,AGGCGAGAAAAATAAAAAGT,1,712577
crpp1,2.0,1,0,AGGAGATCACATTGCAAAGT,1,715880
crpp1,2.0,1,0,AGAACGTGCATCGTCACTAG,1,718296
crpp1,2.0,1,0,ACTTTCTGCGCCAGCATATA,1,718117
crpp1,2.0,1,0,ACTTAAAGGGTGTAACCGTT,1,716389
crpp1,2.0,1,0,ACTATTTTCGTAGCTTTCAG,1,719869
crpp1,2.0,1,0,ACCGGCGACCTATTAGTTTT,1,712789
crpp1,2.0,1,0,AATTCTGTTTTCTCCATGGA,1,716580
crpp1,2.0,1,0,AATGTCTTCTCAGCTAGGCG,1,720453
crpp1,2.0,1,0,AAGGTCGGAGCCCTTTACCC,1,717136
crpp1,2.0,1,0,AAGGGGACCAACTAGCTGCC,1,715204
crpp1,2.0,1,0,AAGATTTCGGGTTATCTAAC,1,714639
crpp1,2.0,1,0,AACGAGAGTGTATGTTGGTA,1,719724
